Institute Id,Institute Name,City,State,Rank_24,Score_23,Rank_23,TLR_23,RPC_23,GO_23,OI_23,Perception_23,Score_22,Rank_22,TLR_22,RPC_22,GO_22,OI_22,Perception_22,Score_21,Rank_21,TLR_21,RPC_21,GO_21,OI_21,Perception_21,Score_20,Rank_20,TLR_20,RPC_20,GO_20,OI_20,Perception_20,Score_19,Rank_19,TLR_19,RPC_19,GO_19,OI_19,Perception_19,Score_18,Rank_18,TLR_18,RPC_18,GO_18,OI_18,Perception_18,Score_17,Rank_17,TLR_17,RPC_17,GO_17,OI_17,Perception_17,Score_16,Rank_16,TLR_16,RPC_16,GO_16,OI_16,Perception_16
IR-E-U-0456,Indian Institute of Technology Madras,Chennai,Tamil Nadu,,89.79,1,95.19,96.41,79.89,63.26,100,90.04,1,94.61,97.66,80.42,62.85,100,90.19,1,95.47,96.43,81.92,62.44,100,89.93,1,95.42,94.64,83.9,61.31,100,89.05,1,93.55,92.39,84.36,63.99,100,88.95,1,93.83,91.44,84.91,63.88,100,87.96,1,91.85,92.6,83.78,77.19,81.46,89.41,1,88.26,94.02,81.81,86.11,98
IR-E-I-1074,Indian Institute of Technology Delhi,New Delhi,Delhi,,87.09,2,84.89,94.74,85,67.92,94.07,88.12,2,86.94,96.01,83.42,68.56,96.92,88.96,2,91.76,95.82,80.97,66.39,98.63,88.08,2,90.79,96.15,80.36,64.81,94.46,85.36,2,85.8,96.18,80.32,56.19,90.85,82.18,3,80.83,89.35,81.47,59.72,88.6,81.08,4,79.63,89.47,77.45,71.41,77.24,82.02,4,80.27,91.62,74.72,66.17,98
IR-E-U-0306,Indian Institute of Technology Bombay,Mumbai,Maharashtra,,80.74,3,79.12,87.94,81.93,56.89,85.36,83.96,3,87.53,90.82,79.19,57.37,88.7,85.16,3,89.32,92.56,79.71,53.68,92.88,85.08,3,91,93.37,77.6,49.99,92.51,84.4,3,89.12,95.3,76.47,48.17,89.61,84.82,2,89.61,96.04,76.53,44.71,93.48,87.87,2,91.15,94.68,83.64,69.7,84.24,87.66,2,85.93,94.14,84.97,74.84,99
IR-E-I-1075,Indian Institute of Technology Kanpur,Kanpur,Uttar Pradesh,,80.65,4,84.35,80.16,88.99,58.82,76.15,82.56,4,87.95,79.98,89.7,59.47,83.01,83.22,4,86.71,83.13,89.79,55.96,87.05,82.18,4,86.22,82.08,88.44,54.21,85.78,77.57,5,79.07,81.79,82.56,46.61,81.35,75.24,5,78.51,77.15,78.99,41.46,85.89,76.83,5,84.28,77.28,74.29,61.35,73.59,81.07,5,66.08,93.52,85.62,70.59,98
IR-E-U-0573,Indian Institute of Technology Kharagpur,Kharagpur,West Bengal,,73.76,6,67.27,78.3,84.68,56.04,75.51,78.89,5,79.21,84.6,80.91,53.08,82.63,82.03,5,80.51,88.59,83.01,58.46,88.5,80.56,5,77.32,87.11,83.21,56.62,89.31,79.41,4,73.14,88.2,84.12,57.79,84.14,77.78,4,73.73,84.26,85.65,53.99,78.51,81.93,3,76.03,89.23,88.02,74.11,73.43,83.91,3,76.23,92.68,83.95,78.05,97
IR-E-U-0560,Indian Institute of Technology Roorkee,Roorkee,Uttarakhand,,75.64,5,74.55,78.36,88.91,60.42,59.37,76.7,6,75.98,78.11,90.13,63.09,61.36,78.08,6,79.28,78.13,90.74,63.36,63.59,76.29,6,77.21,76.57,89.65,61.71,60.55,74.57,6,75.05,75.9,89.84,58.65,54.61,72.57,6,72.8,72.08,88.9,56.66,56.63,73.1,6,72.3,74.36,88.31,70.95,43.47,78.68,6,67.83,83.5,81.61,76.59,96
IR-E-U-0053,Indian Institute of Technology Guwahati,Guwahati,Assam,,70.32,7,67.7,74.99,85.01,54.95,50.09,72.98,7,75.89,72.89,84.64,56.9,57.15,73.84,7,79.25,70.32,84.63,59.83,60.58,74.9,7,83.04,70.73,83.03,59.13,62.45,70.87,7,82.55,63.6,78.45,58.86,54.49,69.25,7,86.29,61.54,76.51,50.46,45.49,72.3,7,89.29,59.98,77.08,80.11,40.95,74.62,11,71.92,78.66,71.82,65.62,94
IR-E-U-0013,Indian Institute of Technology Hyderabad,Hyderabad,Telangana,,70.28,8,83.86,61.12,75.92,55.95,60.04,68.03,9,80.31,59.89,72.4,54.85,59.96,68.69,8,82.6,56.9,72.54,56.58,66.7,66.44,8,82.51,52.47,71.54,55.98,60.42,63.92,8,78.91,49.18,71.71,56.21,55.38,60.87,9,80.63,44.22,71.03,55.11,36.94,60.24,10,82.6,36.21,71.26,73.75,29.72,77.22,7,76.76,76.83,80.89,63.76,95
IR-E-U-0467,National Institute of Technology Tiruchirappalli,Tiruchirappalli,Tamil Nadu,,69.71,9,73.73,61.45,78.82,65.86,67.98,69.17,8,76.39,58.44,79.17,64.48,64.38,66.08,9,70,54.63,78.13,61.35,69.32,64.1,9,72.11,50.04,74.71,61.49,63.68,61.62,10,68.36,46.64,72.76,62.2,63.54,60.35,11,66.49,46.44,72.02,60.96,59.69,59.44,11,62,46.27,74.38,75.81,45.04,74.45,12,56.99,80.37,81.5,79.5,92
IR-E-U-0237,National Institute of Technology Karnataka,Surathkal,Karnataka,,65.26,12,72.8,56.09,77.23,62.95,48.38,66.04,10,72.86,56.42,77.7,63.89,53.24,64.19,10,73.15,50.17,78.62,64.54,50.18,61.3,13,68.93,46.03,78.67,55.24,55.59,55.25,21,59.48,41.31,75.46,50.4,48.85,53.16,21,60.34,38.36,71.27,51.1,41.93,52.87,22,62.53,32.6,73.71,64.28,31.56,68.95,22,60.26,67.86,77.29,70.22,88
IR-E-U-0205,Indian Institute of Technology (Indian School of Mines),Dhanbad,Jharkhand,,62.37,17,66.37,63.59,72.92,57.25,30.85,63.5,14,68.7,65.37,71.17,54.35,36.23,64.07,11,69.29,65.53,73.12,54.62,35.36,62.06,12,64.02,63.12,72.11,55.07,39.78,58.18,15,63.62,59.12,70.03,38.12,35.31,59.24,13,64.7,53.04,74.73,59.99,29.73,52.58,23,57.19,40.14,69.42,67.49,27.52,,,,,,,
IR-E-U-0490,Vellore Institute of Technology,Vellore,Tamil Nadu,,66.59,11,62.35,75.41,70.39,61.63,50.21,65.53,12,62.54,73.3,69.45,59.27,49.6,63.68,12,61.41,69.7,67.01,59.84,49.73,59.32,15,56.79,64.06,63.07,58.21,46.29,56.46,18,54.65,57.34,63.57,56.69,44.81,57.02,16,54.64,55.4,65.51,59.22,49.93,58.16,13,56.49,54.02,64.91,75.56,44.6,74.4,13,66.95,74.72,77.38,77.11,91
IR-E-U-0273,Indian Institute of Technology Indore,Indore,Madhya Pradesh,,63.93,14,75.9,60.88,72.39,59.53,24.73,61.68,16,76.28,56.75,70.38,52.48,24.43,62.56,13,76.22,55.89,71.57,55.76,30.29,62.88,10,79.89,53.31,72.09,57.76,27.15,59.35,13,75.66,49.17,70.18,57.3,21.29,57.95,14,81.42,40.8,69.67,56.16,17.28,57.7,15,83.73,32.72,70.72,75.64,10.64,72,16,86.75,75.78,89.85,39.23,46
IR-E-U-0701,Indian Institute of Technology (Banaras Hindu University) Varanasi,Varanasi,Uttar Pradesh,,63.74,15,61.12,60.02,82.22,56.16,53.31,63.51,13,62.62,57.26,81.72,56.06,55.89,62.1,14,67.4,51.62,79.07,55.8,49.96,62.54,11,72.34,47.77,77.77,56.07,53.49,59.8,11,68.61,45.63,77.36,53.16,47.42,56.62,19,64.43,42.55,77.62,41.66,48.44,,,,,,,,74.39,14,59.08,80.63,96.8,56.73,96
IR-E-U-0308,Institute of Chemical Technology,Mumbai,Maharashtra,,59.7,24,72.94,56.31,69,53.66,17.57,61.4,18,76.45,56.98,69.53,54.58,19.95,60.31,15,75.45,54.62,72.56,45.67,21.98,58.7,18,68.13,54.04,74.66,45.17,25.98,59.73,12,67.76,57.3,76.32,49.68,19.77,60.63,10,70.22,58.51,73.21,53.43,20.35,57.97,14,70.35,47.58,74.25,59.54,17.8,,,,,,,
IR-E-U-0436,Amrita Vishwa Vidyapeetham,Coimbatore,Tamil Nadu,,61.54,19,76.43,54.55,61.85,65.05,33.77,60.92,19,68.97,58.64,61.4,61.738,41.78,59.67,16,69.63,59.01,59.56,56.68,35.04,57.37,20,65.77,56.76,59,60.07,28.01,,,,,,,,,,,,,,,,,,,,,,58.78,50,57.04,53.42,81.38,65.7,36
IR-E-U-0575,Jadavpur University,Kolkata,West Bengal,,67.04,10,76.89,65.9,76.68,52.81,35.84,65.68,11,71.38,64.42,78.12,52.34,40.97,59.19,17,54.82,60.61,76.88,43,48.82,59.23,17,53.73,62.04,76.45,40.45,51.61,59.09,14,53.4,65.71,74.79,37.83,46.2,59.82,12,58.26,68.5,77.63,29.09,33.49,62.59,9,59.42,71.38,74.96,49.76,33.82,,,,,,,
IR-E-U-0439,Anna University,Chennai,Tamil Nadu,,65.06,13,63.92,74.48,59.95,50.02,65.5,61.41,17,64.33,64.59,57.8,48.87,62.83,58.31,18,66.29,50.06,58.6,50.87,65.95,59.89,14,64.62,54.07,61.5,51.62,68.24,63.12,9,63.17,64.13,63.24,52.66,70.13,67.04,8,64.6,72.08,68.55,52.3,71.04,63.97,8,63.62,67.63,67.99,59.71,50.21,,,,,,,
IR-E-U-0378,Indian Institute of Technology Ropar,Rupnagar,Punjab,,60.51,22,77.27,44.53,71.06,64.93,32.7,59.16,22,81.07,38.79,68.76,63.67,30.87,58.09,19,81.35,34.08,69.1,62.78,33.74,55.95,25,79.11,30.54,70.31,59.24,30.75,52.37,29,76.84,29.22,64.57,60.1,16.27,52.8,22,77.84,29.53,65.29,60.61,14.73,52.93,21,78.92,27.63,62.97,76.06,7.68,74.88,9,89.96,73.56,86.42,60.67,38
IR-E-U-0357,National Institute of Technology Rourkela,Rourkela,Odisha,,62.79,16,73.96,61.71,71.54,59.05,18.85,62.36,15,73.39,59.45,71.8,57.08,24.43,58.02,20,62.21,56.58,72.53,50.72,28.08,59.29,16,64.38,57.82,74.3,47.23,30.48,57.75,16,59.99,56.05,75.71,46.34,31.6,57.05,15,61.82,52.36,78.74,45.76,24.71,58.78,12,64.21,49.22,80.12,68.07,19.23,70.8,19,60.78,75.69,81.49,73.21,74
IR-E-U-0064,Indian Institute of Technology Patna,Patna,Bihar,,55.03,41,56.93,51.4,72.25,56.15,24.73,56.19,33,71.45,47.78,62.39,51.47,27.92,57.38,21,76.49,44.92,63.77,53.22,28.83,55.74,26,78.2,39.24,62.28,51.86,28.57,54.86,22,75.13,39.08,65.02,50.48,25.54,52.37,24,74.43,35.03,65.64,49.3,14.73,54.02,19,74.78,27.7,72.78,72.78,14.35,74.68,10,79.8,68.29,74.13,68.78,93
IR-E-U-0139,Indian Institute of Technology Gandhinagar,Gandhinagar,Gujarat,,61.66,18,82.8,42.85,68.86,66.14,35.84,58.27,23,80.19,39.08,64.63,60.47,35.07,56.86,22,82.1,35.05,57.31,62.64,39.87,56.15,24,83.76,34.55,55.15,57.9,38.26,54.32,24,80.59,31.01,56.26,61.34,34.59,50.45,27,74.18,26.31,59.24,52.64,32.03,50.43,30,79.73,14.41,59.25,75.94,27.54,75.2,8,80.36,72.09,64.91,71.94,96
IR-E-U-0025,National Institute of Technology Warangal,Warangal,Telangana,,61.13,21,72.58,50.86,74.41,57.19,34.99,60,21,73.99,45.7,75.11,54.91,35.77,56.76,23,67.88,39.6,74.47,55.52,40.72,57.76,19,73.38,38.12,74.21,57.81,36.91,53.21,26,68.19,31.77,72.5,54.98,32.17,51.82,25,67.25,31.43,72.38,54.79,22.59,49.47,34,66.94,25.44,68.92,65.85,14.01,67.12,28,58.2,71.82,75.41,61.2,82
IR-E-I-1480,Thapar Institute of Engineering and Technology,Patiala,Punjab,,61.24,20,70.96,61.47,70.6,63.07,10.79,57.18,28,59.52,56.97,71.19,54.55,25.33,56.76,23,64.89,51.54,68.52,56.05,25.35,54.45,29,65.95,47.65,65.69,54.82,17.42,54.73,23,69.51,44.96,67.28,55.65,13.66,56.14,20,69.77,45.75,73.11,56.55,12.01,,,,,,,,67.51,27,49.43,78.7,77.69,64.58,83
IR-E-U-0263,National Institute of Technology Calicut,Kozhikode,Kerala,,60.28,23,74.03,40.82,78.62,67.96,33.06,56.66,31,67.13,36.31,76.86,63.72,38.88,56.48,25,68,34.63,77.94,63.52,37.53,56.56,23,71.05,31.3,78.29,63.87,38.04,52.69,28,63.47,28.22,77.01,61.09,36.71,44.3,50,55.17,26.58,60.6,41.85,34.67,44.5,44,53.28,21.15,60.77,73.98,26.25,62.26,35,56.09,71.53,72.03,64.42,40
IR-E-U-0391,Birla Institute of Technology & Science -Pilani,Pilani,Rajasthan,,59.52,25,64.17,52.87,78.39,54.37,32.88,56.9,29,60.85,46.28,78.27,54.19,36.91,56.35,26,62.96,39.96,79.57,55.73,39.87,54.39,30,61.95,34.87,77.36,56.26,42.47,53.82,25,63.61,35.15,71.4,54.5,44.67,,,,,,,,,,,,,,,,,,,,,
IR-E-U-0584,Indian Institute of Engineering Science and Technology,Shibpur,West Bengal,,56.12,35,63.46,45.68,71.47,58.91,31.97,54.57,40,60.11,48.02,67.41,48.26,38.23,56.2,27,66.13,47.54,64.47,49.7,42.36,57.14,21,69.57,47.62,63.17,47.92,45.56,56.35,19,73.65,45.77,59.79,47.23,38.39,,,,,,,,,,,,,,,70.35,20A,57.76,83.07,76.07,59.5,87
IR-E-U-0355,Indian Institute of Technology Bhubaneswar,Bhubaneswar,Odisha,,52.42,47,60.35,37.35,74.14,57.68,24.95,55.11,36,70.09,36.9,70,60.78,29.29,55.71,28,75.09,37.81,66.44,55.62,29.93,56.8,22,77.05,37.17,64.77,56.27,39.56,56.8,17,77.5,37.78,65.03,57.3,34.78,56.89,18,81.45,39.77,64.08,59.02,17.99,54.32,18,79.66,28.87,63.69,76.69,13.5,67.58,26,67.4,75.73,61.06,51.57,85
IR-E-U-0577,National Institute of Technology Durgapur,Durgapur,West Bengal,,53.91,43,63.94,41.32,74.22,55.8,19.1,55.76,34,67.61,43.31,72.76,57.76,21.61,55.48,29,69.23,42.64,68.37,56.43,26.15,48.39,47,54.76,36.98,64.42,50.22,29.68,46.47,46,52.84,36.16,63.3,46.54,24.63,45.34,47,52.84,36.28,64.9,43.94,12.41,42.56,55,48.09,34.95,50.88,57.93,16.69,65.4,30,49.24,79.62,65.86,66.15,78
IR-E-U-0334,Visvesvaraya National Institute of Technology,Nagpur,Maharashtra,,55.03,42,65.12,47.03,72.77,53.4,14.88,56.62,32,66.39,48.86,75.65,53.15,16.07,54.94,30,66.19,46.05,70.66,53.53,17.84,54.76,27,67.7,45.19,69.73,53.77,15.56,51.27,31,64.81,40.49,65.09,57.66,8.92,49.55,31,63.78,35.85,64.68,56.13,11.2,45.52,42,60.59,21.88,61.04,69.96,15.72,71.29,18,59.98,73.64,69.05,82.7,85
IR-E-U-0497,Amity University,Gautam Budh Nagar,Uttar Pradesh,,57.3,31,66.29,61.47,58.28,59.42,13.75,57.73,25,69.95,62.19,55.67,57.33,12.19,54.87,31,68.46,57.24,52.38,56.94,9.87,53.09,32,71.22,50.11,51.01,56.94,8.05,49.03,35,69.51,41.27,48.29,56.32,5.07,48.66,34,67.99,42.64,47.12,57.87,2.6,,,,,,,,,,,,,,
IR-E-U-0363,Siksha `O` Anusandhan,Bhubaneswar,Odisha,,58.92,27,76.52,44.14,65.46,72.19,24.07,57.48,27,75.94,40.02,68.72,69.54,19.95,54.77,32,75.76,34.28,70.16,65.14,12.15,52.38,34,74.73,29.41,68.18,64.26,10.7,50.39,32,71.35,26.31,66.43,60.53,17.65,,,,,,,,,,,,,,,,,,,,,
IR-E-U-0108,Jamia Millia Islamia,New Delhi,Delhi,,59.3,26,61.9,59.59,73.2,63.85,18.34,57.51,26,59.54,57.45,73.54,60.94,16.07,54.46,33,60.27,50,72.96,54.71,13.24,54.58,28,63.16,48.11,71.43,58,11.13,53.13,27,64.25,42.18,75.11,50.9,10.88,49.15,32,57.41,39.27,72.13,48.49,8.67,53.7,20,60.01,38.73,80.24,73.39,6.92,60.18,41,47.68,76.73,56.87,47.6,72
IR-E-U-0473,S.R.M. Institute of Science and Technology,Chennai,Tamil Nadu,,58.56,28,63.79,60.19,64.99,61.6,22.01,58.02,24,61.2,59.21,67.17,61.76,22.89,54.17,34,60.31,50.91,67.01,60.9,13.24,50.95,41,61.27,41.96,63.57,61.06,11.55,48.95,36,59.85,33.4,63.04,62.18,21.53,,,,,,,,,,,,,,,,,,,,,
IR-E-U-0496,Aligarh Muslim University,Aligarh,Uttar Pradesh,,57.26,32,70.07,59.84,59.12,40.2,24.51,54.7,37,70.9,53.82,57,42.37,16.43,54,35,71.79,50.09,56.66,40.38,20.65,51.39,39,70.58,45.83,56.57,40.89,10.7,47.74,40,69.39,39.46,53.28,32.1,12.14,48.26,35,70.21,38.92,53.95,36.54,10.79,,,,,,,,,,,,,,
IR-E-U-0098,Delhi Technological University,New Delhi,Delhi,,58.34,29,70.44,41.13,74.27,57.03,43.22,55.65,35,68.97,34.77,73.66,56.16,42.38,53.96,36,66.23,31.79,73.63,58.61,39.59,51.99,36,63.36,31.12,73.21,53.07,36.91,49.97,34,60.27,28.07,72.07,53.38,37.22,46.57,41,54.83,29.75,70.78,48.7,21.65,46.19,39,50.95,24.48,72.9,67.16,22.64,,,,,,,
IR-E-U-0410,Malaviya National Institute of Technology,Jaipur,Rajasthan,,55.6,37,65.7,51.26,66.89,59.56,11.7,51.69,46,62.58,46.35,62.2,55.14,10.53,53.95,37,70.69,43.21,62.04,57.79,15.86,52.25,35,71.41,41.69,59.89,54.4,8.95,45.2,53,55.73,38.2,58.34,46.63,6.86,43.88,52,55.37,33.17,58.95,46.61,8.67,,,,,,,,62.14,37,55.13,71.63,74.32,62.16,41
IR-E-U-0476,Shanmugha Arts Science Technology & Research Academy,Thanjavur,Tamil Nadu,,56.21,34,74.05,44.14,69.08,57.96,11.4,53.36,41,70.02,40.16,67.29,55.94,12.59,53.22,38,71.47,37.62,67.55,57.06,12.7,51.79,37,73.13,33.81,64.89,56.6,10.7,48.83,38,65.79,31.04,64.66,56.42,12.14,48.74,33,61.27,33.34,64.59,58.93,15.48,,,,,,,,63.77,31A,60.21,65.55,81,58.4,51
IR-E-U-0356,Kalinga Institute of Industrial Technology,Bhubaneswar,Odisha,,55.14,39,72.6,42.33,57.28,77.38,14.59,53.06,42,70.26,35.75,58.51,76.96,18.58,53.12,39,69.99,29.98,70.72,76.68,13.24,50.07,42,66.08,25.8,65.8,75.7,17.79,45.94,48,65.59,19.17,61.6,68.5,13.36,44.27,51,58.23,21.63,66.81,63.99,5.51,43.68,47,52.55,14.08,71.82,66.05,27.39,63.4,32,60.63,73.91,83.55,70.31,1
IR-E-U-0255,Indian Institute of Space Science and Technology,Thiruvananthapuram,Kerala,,52.04,48,73.07,24.43,63.41,61.72,39.39,52.37,43,75.78,25.34,62.6,61.97,33.15,52.85,40,77.49,23.18,61.09,65.27,39.01,53.01,33,78.65,24.02,62.88,62.97,33.32,52.12,30,77.52,22.75,61.95,56.2,40.33,52.74,23,78.87,20.76,62.12,60.82,43.47,50.6,28,81.23,14.74,60.24,70.29,27.33,,,,,,,
IR-E-U-0184,Indian Institute of Technology Mandi,Mandi,Himachal Pradesh,,56.49,33,62.63,42.48,79.3,66.35,24.73,60.43,20,75.77,44.05,77.55,67.16,22.57,52.58,41,65.95,35.39,69.05,61.66,21.98,54.17,31,70.38,36.8,67.11,64.7,21.26,56,20,78.61,34.57,68.06,65.65,18.72,51.28,26,76.9,30.48,63.07,54.64,9.96,50.6,28,78.98,17.99,66.78,74.26,7.24,70.32,20,85.83,70.35,81.05,47.29,43
IR-E-U-0530,Motilal Nehru National Institute of Technology,Prayagraj,Uttar Pradesh,,51.89,49,57.14,40.37,77.57,54.78,16.51,51.17,47,59.01,37.98,75.22,52.14,18.23,51.9,42,64.23,34.07,73.63,54.84,21.98,48.24,48,59.71,30.56,69,50.72,22.89,47.49,42,63.13,28.38,65.55,49.49,19.77,44.33,48,52.93,29.68,64.99,46.75,18.67,45.68,41,56,30.32,66.14,56.74,8.82,67.94,23,54.63,72.07,74.08,75.04,82
IR-E-U-0395,Indian Institute of Technology Jodhpur,Jodhpur,Rajasthan,,58.03,30,80.97,38.23,73.08,64.85,11.7,56.7,30,78.42,34.93,74.41,66.44,11.78,51.56,43,76.38,28.07,62.59,63.34,13.78,46.13,53,67.71,26.19,56.17,59.29,8.05,45.75,50,67.68,23.44,57.02,63.26,6.86,43.4,54,67.83,18.13,56.92,55.85,6.44,40.2,65,68.8,8.51,50.37,60.47,8.9,67.68,25,73.02,66.41,60.71,60.11,86
IR-E-U-0172,National Institute of Technology Kurukshetra,Kurukshetra,Haryana,,49.89,58,54.95,41.2,60.55,54.13,35.17,50.11,50,57.73,43.66,63.35,55.33,14.94,50.59,44,62.2,40.64,62.01,53.66,19.73,51.19,40,63.85,41.64,61.65,54.75,17.42,47.58,41,61.36,36.64,58.47,51.21,13.66,46.29,43,59.2,37.89,60.94,42.36,7.35,41.61,60,52.27,28.6,53.5,58.03,8.53,58.89,48,53.15,64.82,78.28,53.95,41
IR-E-C-16604,Sri Sivasubramaniya Nadar College of Engineering,Kancheepuram,Tamil Nadu,,52.88,45,67.69,41.08,66.94,53.21,15.43,50.5,48,63.78,37.32,63.41,52.63,22.25,50.2,45,66.95,34.56,61.71,53.48,20.65,49.26,44,66.01,31.1,63.81,53.47,20.25,48.94,37,69.13,28.51,63.63,52.66,16.55,48.1,36,69.98,27.18,58.89,52.41,19.35,,,,,,,,,,,,,,
IR-E-U-0202,Birla Institute of Technology,Ranchi,Jharkhand,,50.68,53,67.76,37.01,59.56,51.4,22.01,49.33,53,66.55,34.54,56.6,50.58,26.21,50.06,46,68.2,34.19,58.24,50.41,26.54,51.42,38,70.07,34.81,58.75,51.57,30.48,50.1,33,66.84,35.8,57.78,52,25.54,51.12,26,71.22,36.61,59.88,51.69,16.21,49.92,31,65.59,29.36,64.22,72.08,13.8,71.8,17,55.39,81.06,82.47,65.5,90
IR-E-U-0149,Sardar Vallabhbhai National Institute of Technology,Surat,Gujarat,,49,65,57.79,40.93,66.01,51.56,10.17,47.61,58,56.53,38.64,65.09,49.87,10.53,49.99,47,64.14,34.39,65.08,56.74,17.35,45.59,54,57.49,31.2,62.46,55.13,9.84,41.88,58,51.01,27.6,60.91,51.3,9.92,42.11,61,52.57,29.06,60.17,45.52,10.37,43.3,50,50.43,28.91,61.07,62.28,10.65,73.13,15,59.02,85.24,78.43,68.81,83
IR-E-U-0055,National Institute of Technology Silchar,Silchar,Assam,,55.07,40,60.85,54.59,69.77,53.35,11.4,54.63,38,65.48,48,66.8,57.58,14.56,49.57,48,63.11,40.36,61.95,52.73,8.68,48.66,46,61.63,35.41,62.3,51.68,19.21,45.61,51,61.31,29.86,61.71,47.42,11.83,43.09,57,61.32,26.01,62.32,35.65,8.67,42.73,53,61.17,18.43,59.99,58.3,10.17,55.49,65,55.75,58.12,66.08,71.32,12
IR-E-U-0374,Dr. B. R. Ambedkar National Institute of Technology,Jalandhar,Punjab,,52.85,46,67.98,36.76,60.85,67.76,24.73,49.45,52,68.15,29.01,59.18,63.99,12.59,49.01,49,67.97,27.72,60.78,63.12,18.32,46.45,52,66.18,25.99,59.76,58.66,9.84,35.01,113,45.07,18.89,58.63,35.09,5.8,38.65,74,55.33,18.26,59.32,42.06,5.04,,,,,,,,59.91,42,46.65,74.56,81.02,61.7,25
IR-E-U-0020,Koneru Lakshmaiah Education Foundation University (K L College of Engineering),Vaddeswaram,Andhra Pradesh,,53.69,44,70.94,46.14,57.91,56.43,13.46,51.93,44,70.08,44.81,52.73,56.17,12.99,48.49,50,71.09,38.38,48.62,55.06,4.23,44.7,58,70.69,28.57,44.25,54.5,6.18,45.38,52,70.88,21.8,58.27,56.06,3.19,44.31,49,70.42,17.39,60.09,58.32,1.06,39.64,68,58.15,12.72,54.89,66.69,7.28,57.37,59,49.49,61.9,70.43,60.32,49
IR-E-C-7252,Manipal Institute of Technology,Manipal,Karnataka,,49.62,61,65.74,35.65,54.01,62.25,21.78,48.33,55,67.36,33.36,49.49,62.48,19.61,48.17,51,70.14,28.99,50.15,62.03,21.98,49.06,45,70.32,24.86,54.6,62.23,33.57,47.31,43,68.43,20.68,53.91,62.59,35.31,46.66,39,68.57,18.47,56.93,63.21,28.4,45.38,43,70.66,11.94,59.32,63.31,24.06,61.15,39,62.58,67.06,65.34,61.72,33
IR-E-C-41593,"College of Engineering, Pune",Pune,Maharashtra,,46.89,73,65.5,22.62,66.89,51.62,19.1,44.38,72,62.33,17.11,65.13,51.65,23.51,48.12,52,64.83,22.39,67.83,54.17,29.57,46.79,50,61.94,21.89,67.56,51.85,29.4,45.89,49,58.17,26.17,64.17,51.79,25.77,45.9,45,60.44,23.96,66.29,46.51,26.74,52.14,24,70.56,24.47,70.09,69.81,26.33,69.71,21,58.61,66.4,82.92,74.67,95
IR-E-C-37013,PSG College of Technology,Coimbatore,Tamil Nadu,,49.43,63,64.51,29.98,54.9,47.21,53.86,47.68,57,66.5,24.9,50.81,48.09,52.94,47.91,53,68.57,23.58,48.35,48.89,57.14,47.21,49,69.35,19.73,52.14,48.69,51.77,47.28,44,68.97,17.4,53.37,48.73,58.35,50.31,29,69.82,23.64,55.96,49.87,60.95,49.49,33,66.54,23.64,57.05,62.81,47.48,67.8,24,56.72,64.67,77.3,72.1,94
IR-E-U-0014,International Institute of Information Technology Hyderabad,Hyderabad,Telangana,,50.33,55,56.57,40.6,65,58.36,23.4,46.41,62,49.17,38.58,64,51.01,21.93,47.12,54,50.76,33.07,71.08,51.44,26.15,49.45,43,53.01,36.66,73.92,52.91,24.77,48.73,39,53.08,34.19,73.4,52.49,26.21,,,,,,,,,,,,,,,,,,,,,
IR-E-U-0474,Sathyabama Institute of Science and Technology,Chennai,Tamil Nadu,,48.87,66,61.03,44.04,47.51,66.76,11.7,48.56,54,64.87,37.36,46.77,63.38,21.93,46.65,55,59.83,41.05,45.39,63.17,9.87,46.77,51,59.06,31.77,64.14,64.2,2.69,46.07,47,61.42,28.29,62.26,61.93,5.07,47.26,37,56.33,34.48,66.57,62.08,5.04,,,,,,,,,,,,,,
IR-E-U-0458,Kalasalingam Academy of Research and Higher Education,Srivilliputtur,Tamil Nadu,,55.69,36,74.13,36.24,68.5,75.33,13.46,54.62,39,73.6,32.26,64.82,74.34,24.73,46.57,56,64.24,24.41,60.42,65.23,13.78,43.71,60,68.66,18.42,54.26,62.06,5.21,41.26,61,67.6,14.08,53.96,55.7,3.95,36.22,96,59.06,12.3,48.68,47.64,3.09,,,,,,,,,,,,,,
IR-E-U-0249,Visvesvaraya Technological University,Belgaum,Karnataka,,51.38,52,65.94,49.97,52.64,51.94,8.91,50.2,49,72.06,40.88,52.12,52.47,6.54,45.63,57,70.27,31.03,47.84,49.93,6.83,45.37,55,66.34,30.98,53.14,49.19,6.18,,,,,,,,,,,,,,,,,,,,,,,,,,,,
IR-E-U-0297,Defence Institute of Advanced Technology,Pune,Maharashtra,,50.14,57,69.03,41.76,54.06,58.16,2.69,44.62,71,62.13,36.01,53.95,41.34,2.64,45.52,58,67.03,33.73,52.16,45.71,2.87,43.13,63,64.43,32.96,44.38,47.56,2.69,43.29,57,66.68,32.43,41.05,47.69,5.8,41.37,63,70.99,27.72,35.53,43.79,2.6,,,,,,,,,,,,,,
IR-E-U-0619,National Institute of Technology Meghalaya,Shillong,Meghalaya,,47.27,72,67.55,31.37,57.65,55.41,5.22,46.67,60,66.65,27.9,57.7,62.98,4.63,45.37,59,67.63,24.12,55.3,64.22,3.56,43.69,61,66.27,20.64,54.64,59.35,7.59,40.32,67,65.85,18.2,44.33,58.13,4.33,36,98,63.62,11.41,48.19,35.93,2.6,36.21,100,62.02,4.12,48.34,60.6,6.29,57.47,57,73.56,51.98,75.3,38.57,33
IR-E-U-0284,Maulana Azad National Institute of Technology,Bhopal,Madhya Pradesh,,45.9,80,54.03,32.76,65.79,60.68,6.26,44.63,70,54.9,29.822,62.3,59.06,6.54,45.02,60,55.71,28.88,63.97,58.59,9.87,42.17,65,52.55,28.36,64.27,47.33,3.2,40.98,62,53.27,24.05,66.59,40.74,3.95,43.34,55,56.88,23.54,69.57,46.73,6.44,41.25,61,51.97,13.74,71.45,65.33,7.2,,,,,,,
IR-E-U-0747,Chandigarh University,Mohali,Punjab,,55.2,38,75.7,31.04,59.19,79.56,33.77,51.73,45,75.92,24.84,52.44,79.48,30.61,45.01,61,68.9,17.05,46.81,76.33,22.42,38.82,84,64.38,4.74,51.98,74.73,2.16,34.48,117,50.42,3.17,56.81,68.46,2.02,,,,,,,,,,,,,,,,,,,,,
IR-E-U-0017,Jawaharlal Nehru Technological University,Hyderabad,Telangana,,44.75,83,65.91,27.62,49.71,55.17,12.3,42.77,76,65.66,27.4,44.02,53.95,6.54,44.95,62,72.29,27.99,41.03,53.8,12.7,44.97,57,71.72,29.24,40.88,53.9,11.13,47.13,45,71.2,28.65,55.01,49.64,12.14,46.4,42,72.7,27.91,55.73,43.77,6.89,40.45,63,54.92,17.44,63.55,55.51,4.82,,,,,,,
IR-E-U-0105,"Indraprastha Institute of Information Technology, Delhi",New Delhi,Delhi,,46.57,75,51.99,36.68,69.89,47.33,12.59,44.79,69,50.13,34.83,69.3,42.56,11.78,44.85,63,54.79,31.79,68.04,39.39,13.24,45.03,56,55.18,29.8,67.58,41.15,18.86,43.49,55,56.55,24.08,69.36,41.49,12.76,40.69,66,47.47,24.85,70,39.95,9.96,42.55,56,48.55,20.83,70.69,55.41,20.45,,,,,,,
IR-E-U-0092,National Institute of Technology Raipur,Raipur,Chhattisgarh,,47.69,70,55.59,40.36,64.35,55.81,4.51,45.71,65,55.61,34.77,61.22,56.62,7,44.83,64,60.57,28.98,59.26,58.32,2.87,41.58,67,58.88,24.26,56.99,50.7,1.63,39.09,74,56.46,20.11,54.48,49.4,2.81,37.38,81,53.28,16.68,55.99,50.27,1.58,,,,,,,,55.93,63,46.48,62.13,75.15,63.84,31
IR-E-C-1331,M. S. Ramaiah Institute of Technology,Bengaluru,Karnataka,,45.99,78,65.79,22.31,61.93,55.66,15.97,45.17,67,66.09,19.82,61.93,55.17,14.94,43.74,65,66.25,16.84,60.05,53.7,14.31,43.74,59,65.53,13.98,62.74,55.31,18.15,40.54,64,62.87,8.61,60.49,56.32,13.66,42.25,60,64.56,13.01,61.42,57.03,9.96,44.35,45,67.06,13.09,65.46,62.97,9.07,63.39,33,40.32,72.19,95.08,66.33,61
IR-E-U-0379,Lovely Professional University,Phagwara,Punjab,,51.47,50,59.64,49.52,49.19,63.51,25.39,49.58,51,65.51,36.85,51.86,67.5,17.52,43.69,66,62.69,25.97,45.82,64.46,14.83,38.44,87,58.12,15.2,48.55,65.11,2.16,34.09,125,53.11,10.08,44.66,61.73,0.41,,,,,,,,,,,,,,,,,,,,,
IR-E-U-0389,Banasthali Vidyapith,Banasthali,Rajasthan,,47.93,68,64.41,21.26,72.53,73.04,4.16,47,59,65.21,18.25,69.77,73.14,7,43.64,67,59.29,14.29,67.27,74.92,6.19,,,,,,,,,,,,,,,,,,,,,,,,,,,,,,,,,,,
IR-E-U-0147,Pandit Deendayal Petroleum University,Gandhinagar,Gujarat,,,,,,,,,39.64,106,56.47,26.12,54.25,35.49,4.63,43.17,68,70.06,23.25,53.33,42.09,2.87,32.08,177,49.08,11.97,50.34,33.8,3.2,,,,,,,,,,,,,,,,,,,,,,,,,,,,
IR-E-U-0197,National Institute of Technology Srinagar,Srinagar,Jammu and Kashmir,,45.7,82,58.44,26.62,64.89,59.67,12.3,45.52,66,63.2,19.8,64.43,65.87,11.37,42.63,69,65.87,14.29,57.85,63.89,6.19,,,,,,,,,,,,,,,,,,,,,,,,,,,,,55.3,67,50.37,59.18,72.01,60.42,33
IR-E-U-0080,"Punjab Engineering College (Deemed to be University), Chandigarh",Chandigarh,Chandigarh,,,,,,,,,41.05,87,50.67,17.94,65.84,53.66,19.27,42.62,70,55.98,15.24,65.57,55.41,26.15,41.43,68,55.66,14.2,64.1,56.64,19.9,38.42,78,49.83,12.62,61.98,56.49,16.27,39.24,73,50.81,11.57,66.01,64.18,9.1,,,,,,,,61.32,38,62.21,55.58,70.83,55.49,77
IR-E-C-26794,Thiagarajar College of Engineering,Madurai,Tamil Nadu,,,,,,,,,41.1,85,51.94,19.32,59.66,48.59,29.29,42.58,71,56.11,18.65,60.91,50.99,28.83,43.11,64,59.67,18.32,59.11,51.54,27.44,43.38,56,61.68,18.98,56.74,49.23,29.2,46.66,39,62.34,26.64,59.11,46.6,34.91,47.01,37,66.01,26.76,57.78,59,17.18,66.51,29,57.93,75.86,80.94,57.91,63
IR-E-U-0072,National Institute of Technology Patna,Patna,Bihar,,50.16,56,61.49,39.77,70.28,52.28,4.87,46.24,63,60.96,32.77,65.76,42.69,7,42.06,72,54.45,24.3,61.87,50.77,9.87,38.21,92,52.49,16.6,59.09,43.42,13.2,33.58,134,51.95,10.72,49.46,39.9,8.92,,,,,,,,,,,,,,,51.08,87,46.73,52.37,66.9,55.69,37
IR-E-U-0795,Indian Institute of Information Technology Guwahati,Guwahati,Assam,,,,,,,,,39.09,112,237.09,11.48,56.46,59,32.15,41.98,73,64.87,9.13,56.91,53.01,31.01,41.92,66,64.22,6.8,58.52,52.43,36.68,,,,,,,,,,,,,,,,,,,,,,,,,,,,
IR-E-C-24004,College of Engineering (A),Visakhapatnam,Andhra Pradesh,,42.32,94,59.16,12.98,72.07,56.81,5.92,42.76,77,61.41,11.74,72.13,56.02,7.91,41.92,74,64.45,9.77,69.23,53.92,4.23,41.36,69,65.32,10.04,63.72,54.35,5.69,41.72,59,65.78,7.41,67.66,55.88,6.51,,,,,,,,,,,,,,,,,,,,,
IR-E-U-0555,Graphic Era University,Dehradun,Uttarakhand,,49.59,62,64.1,32.12,53.76,68.53,31.23,45.87,64,71.05,18.2,48.13,67.28,27.35,41.83,75,64.78,13.64,49.07,60.45,24.53,38.32,89,58.7,12.89,48,58.38,14,35.69,104,59.87,14.68,39.21,54.45,0.41,,,,,,,,,,,,,,,,,,,,,
IR-E-U-0221,International Institute of Information Technology Bangalore,Bengaluru,Karnataka,,46.58,74,67.24,20.86,63.07,58.61,16.78,41.91,81,55.21,16.15,63.61,59.96,17.88,41.64,76,58.9,10.89,63.64,60.93,18.8,43.55,62,59.63,17.63,63.93,57.99,17.79,40.51,65,54.81,14.26,61.96,55.76,18.19,43.2,56,58.67,15.71,69.25,61.28,9.1,,,,,,,,,,,,,,
IR-E-C-1269,R.V. College of Engineering,Bengaluru,Karnataka,,42.22,96,63.55,17.05,57.16,52.04,14.03,40.73,89,61.27,16.36,55.29,50.75,12.99,41.52,77,63.87,14.45,57.01,50.3,15.86,41.02,70,63.06,13.29,59.79,48.3,13.2,40.88,63,63.58,10.81,60.99,50.62,13.06,,,,,,,,43.42,49,69.03,12.13,60.62,54.58,14.86,62.26,35,55.4,65.31,77.86,48.75,76
IR-E-C-36995,Sri Krishna College of Engineering and Technology,Coimbatore,Tamil Nadu,,46.03,77,63.67,24.55,64.1,49.95,17.57,44.16,73,62.39,17.13,64.52,50.18,23.82,41.29,78,62.23,10.86,63.26,49.71,17.35,38.83,83,62.69,4.26,63.05,48.54,12.79,35.97,97,57.92,2.29,63.51,46.64,5.44,,,,,,,,,,,,,,,,,,,,,
IR-E-U-0201,Shri Mata Vaishno Devi University,Katra,Jammu and Kashmir,,,,,,,,,40.08,101,61.82,24.29,48.15,44.01,2.12,41.22,79,69.07,20.55,47.85,45.49,2.17,39.68,78,69.41,18.63,41.79,48,1.1,37.32,85,64.84,15.99,45.8,37.52,1.63,36.28,94,65.02,12.58,47.97,34.12,0,,,,,,,,,,,,,,
IR-E-U-0286,"Pandit Dwarka Prasad Mishra Indian Institute of Information Technology, Design and Manufacturing (IIITDM) Jabalpur",Jabalpur,Madhya Pradesh,,42.14,97,44.65,30.48,68.44,56.03,3.06,41.79,82,45.78,28.74,66.45,59.38,2.12,41.17,80,46.17,29.61,61.76,54.06,6.83,39.29,81,45.42,30.89,59.4,43.47,1.63,38.94,75,44.76,28.02,60.95,45.9,3.19,36.42,91,41.04,24.86,59.84,43.74,3.09,39.46,69,45.09,20.91,62.1,69.27,3.13,53.37,77,47.15,62.91,79,54.79,12
IR-E-C-45375,Indian Institute of Food Processing Technology (IIFPT),Thanjavur,Tamil Nadu,,,,,,,,,41.06,86,71.85,14.18,46.47,56.98,2.64,41.13,81,71.85,7.98,52.14,57.56,9.87,40.24,74,70.18,5.41,53.5,58.94,9.84,,,,,,,,,,,,,,,,,,,,,,,,,,,,
IR-E-C-33641,"Veermata Jijabai Technological Institute,  (VJTI, Mumbai)",Mumbai,Maharashtra,,,,,,,,,38.29,119,50.23,13.68,63.97,54.46,8.8,41.07,82,60.34,11.62,66.02,53.6,9.28,40.58,71,57.29,11.04,68.16,52.93,11.55,35.64,105,46.15,10.65,68.05,40.99,8.92,36.24,95,49.39,11.82,67.69,37.26,5.97,,,,,,,,52.17,84,32.29,57.85,79.62,59.06,47
IR-E-U-0733,PES University,Bengaluru,Karnataka,,,,,,,,,40.14,100,56.27,14.93,63.78,51.02,9.24,41.06,83,62.28,13.35,60.53,49.36,13.24,37.94,93,57.56,12.2,55.31,49.22,10.27,32.28,149,53.6,11.85,32.32,52.46,9.26,36.86,87,51.56,12.16,54.62,60.91,7.35,37.31,86,52.98,8.51,56.54,58.95,16.59,,,,,,,
IR-E-U-0749,Manipal University Jaipur,Jaipur,Rajasthan,,46.39,76,58.57,33.3,61.23,63.5,2.32,43.83,75,63.54,24.44,56.68,59.53,1.6,40.63,84,65.35,16.65,50.79,58.72,0,,,,,,,,,,,,,,,,,,,,,,,,,,,,,,,,,,,
IR-E-U-0620,National Institute of Technology Goa,Ponda,Goa,,43.28,90,59.25,23.92,56.69,58.46,11.4,40.78,88,54.95,22.51,54.51,58.11,8.36,40.6,85,56.69,21.42,53.53,57.08,7.45,39.93,77,57.39,18.33,52.11,56.77,11.13,37.06,87,59.23,12.79,50.17,48.37,5.8,,,,,,,,,,,,,,,53.65,76,57.7,38.61,66.13,46.27,85
IR-E-U-0207,"National Institute of Technology, Jamshedpur",Jamshedpur,Jharkhand,,,,,,,,,40.71,90,53.43,19.09,67.16,46.77,8.36,40.53,86,56.45,15.62,67.65,45.74,8.07,39.44,79,56.64,12.85,64.87,45.15,11.13,33.8,130,49.66,9.48,61.14,28.02,10.24,,,,,,,,,,,,,,,53.35,78,36.73,67.7,79.14,48.8,31
IR-E-U-0516,Indian Institute of Information Technology Allahabad,Prayagraj (Allahabad),Uttar Pradesh,,43.29,89,45.02,21.94,77.31,53.63,23.85,40.53,93,42.53,18.48,73.98,51.68,22.57,40.28,87,46.57,15.7,72.28,51.74,19.73,37.41,103,42.8,15.69,68.87,44.19,16.69,37.74,82,42.66,16.38,68.86,45.45,17.1,36.59,90,39.58,17.27,67.6,44.05,16.21,,,,,,,,,,,,,,
IR-E-C-6379,Netaji Subhas University of Technology (NSUT),South West,Delhi,,49.68,60,68.96,23.44,75.55,46.27,22.25,42.14,79,52.77,19.49,68.21,44.44,23.2,40.22,88,47.14,22.25,65.82,44.23,18.32,39.97,76,49.6,22.68,62.41,44.55,13.6,,,,,,,,,,,,,,,,,,,,,,,,,,,,
IR-E-U-0078,Panjab University,Chandigarh,Chandigarh,,,,,,,,,40.58,92,40.83,45.39,44.4,46.52,11.78,40.16,89,39.71,42.62,48.4,43.12,14.83,40.44,72,40.82,43.55,51.63,40.27,7.59,43.59,54,41.83,50.63,51.81,44.72,10.24,42.68,59,43.7,45.56,53.84,43.14,8.23,37.44,85,51.52,6.65,60.52,62.62,16.34,,,,,,,
IR-E-C-36926,Kumaraguru College of Technology,Coimbatore,Tamil Nadu,,,,,,,,,39.32,108,59.36,15.32,54.14,45.08,15.69,39.92,90,61.76,15.76,52.48,45.71,15.86,39.24,82,63.11,11.35,54.41,45.37,14.79,38.55,77,61.09,8.59,57.4,45.64,15.99,37.19,82,57.39,7.31,57.61,49.4,13.2,37.74,82,58.07,6.31,58.34,59.69,7.88,58.44,53,57.49,58.03,69.44,70.34,32
IR-E-U-0564,University of Petroleum and Energy Studies,Dehradun,Uttarakhand,,50.63,54,67.45,39.45,46.08,62.74,30.66,46.43,61,65.41,27.85,48.09,62.23,26.21,39.87,91,57.92,20.29,51.01,57.05,4.9,32.51,167,48.86,14.26,39.13,53.15,4.22,32.46,145,44.98,10.08,52.18,52.3,2.81,,,,,,,,,,,,,,,,,,,,,
IR-E-U-0493,National Institute of Technology Agartala,Agratala,Tripura,,43.24,91,54.36,28.21,59.38,59.61,6.26,41.92,80,56.59,25.44,54.19,59.64,5.12,39.86,92,56.96,21.82,48.87,57.71,6.83,39.98,75,57.69,21.55,48.22,55.37,10.27,39.53,70,58.62,20.58,49.02,52.46,7.22,36.36,92,54.42,20.09,46.76,42.46,4.08,,,,,,,,58.63,52,57.4,58.47,75.03,66.24,32
IR-E-U-0489,Vel Tech Rangarajan Dr. Sagunthala R & D Institute of Science and Technology,Chennai,Tamil Nadu,,43.43,87,59.49,34.78,38.33,65.91,8.91,41.35,84,54.81,31.13,44.91,63.79,2.12,39.84,93,55.8,28.48,38.53,63.61,4.9,37.86,95,57.7,24.09,36.36,59.88,0.55,37.22,86,53.49,25.53,37.45,57.83,2.41,37.73,77,52.36,28.75,38.77,53.83,2.6,,,,,,,,,,,,,,
IR-E-U-0522,Jaypee Institute of Information Technology,Noida,Uttar Pradesh,,,,,,,,,40.5,94,51.63,25.12,59.97,48.68,6.07,39.82,94,53.07,23.11,56.79,49.3,6.83,37.8,96,50.85,19.39,53.38,50.64,9.84,37.87,80,47.52,18.18,56,53.57,15.99,39.88,70,48,21.07,58.39,53.21,21.65,42.63,54,51.11,19.82,64.97,81.02,2.63,56.79,60,45.21,59.86,79.38,69.05,40
IR-E-C-43708,College of Engineering Trivandrum,Thiruvananthapuram,Kerala,,,,,,,,,39.24,110,60.64,12.79,54.11,52.55,11.37,39.4,95,63.85,10.25,53.4,50.16,14.83,38.68,85,59.37,10.39,55.58,49.98,16.31,39.42,71,59.95,8.9,60.96,49.4,16.27,38.29,75,54.94,11.61,60.08,46.18,16.93,36.8,93,49.73,9.47,55.11,62.08,18.11,,,,,,,
IR-E-C-35417,Bharati Vidyapeeth Deemed University College of Engineering,Pune,Maharashtra,,,,,,,,,37.75,131,57.32,3.15,61.89,67.14,5.12,39.39,96,60.35,3.01,62.73,71.58,6.83,37.71,99,54.62,3.35,65.4,66.06,6.18,36.14,93,53.31,3.61,59.38,66.1,5.8,37.01,83,52.34,7.37,59.5,65.63,6.44,40.18,66,59.88,2.45,58.41,72.03,25.99,56.56,61,55.6,34.04,90.52,75.5,50
IR-E-U-0163,The Northcap University,Gurugram,Haryana,,,,,,,,,40.33,96,64.69,14.58,54.88,51.64,4.14,39.23,97,60.36,12.71,56.83,51.32,8.07,36.84,110,54.88,13.94,56.91,48.16,0,34.48,117,54.21,13.5,46.11,49.48,0,,,,,,,,,,,,,,,,,,,,,
IR-E-C-1262,B.M.S. College of Engineering,Bengaluru,Karnataka,,,,,,,,,41.71,83,59.48,15.52,60.73,52.29,18.23,39.13,98,59.62,12.33,54.1,51.93,15.35,40.35,73,62.07,11.92,55.53,52.58,17.79,39.67,69,62,8.01,58.99,53.02,15.71,,,,,,,,42.86,52,68.76,5.48,62.43,68.13,12.85,,,,,,,
IR-E-U-0189,National Institute of Technology Hamirpur,Hamirpur,Himachal Pradesh,,,,,,,,,37.91,128,47.41,23.85,57.26,45.23,5.6,39.09,99,50.19,21.92,58.2,46.54,11.59,37.73,98,45.32,22.62,60.94,45.84,5.69,41.48,60,54.71,23,60.48,52.12,8.59,41.17,64,54.67,22.43,61.63,52.5,4.56,42.02,59,55.11,19.99,62.59,67.66,1.95,58.65,51,41.6,73.08,77.24,63.3,41
IR-E-C-30045,"C.V. Raman Global University, Odisha",Bhubaneswar,Odisha,,41.93,100,69.79,5.7,58.27,69.95,6.26,,,,,,,,38.94,100,62.09,5.58,58.89,57.55,11.02,37.94,93,59.49,5.07,58.7,57.65,10.7,36.12,94,54.56,4.24,60.8,53.58,9.59,36.7,89,54.87,6.82,60.98,56.29,3.59,,,,,,,,53.91,74,46.77,56.85,81.69,55.36,23
IR-E-C-1297,Siddaganga Institute of Technology,Tumkur,Karnataka,,,,,,,,,40.24,97,61.64,14.03,55.39,51.19,13.39,38.81,101,59.38,15.43,54.24,49.56,5.55,38.23,91,60.33,13.44,54.58,50.17,1.63,37.98,79,60.4,11.37,56.07,50.84,1.63,37.72,78,64.23,9.26,52.89,48.79,2.09,39.36,72,64.56,5.41,59.89,59.86,4,54.67,70,52.98,51.91,72.17,66.37,30
IR-E-C-36969,Coimbatore Institute of Technology,Coimbatore,Tamil Nadu,,,,,,,,,39.83,104,63.02,11.44,49.69,49.29,26.21,38.74,102,63.99,8.47,43.38,50.51,32.73,38.24,90,64.87,6.88,45.81,48.63,26.86,40.1,68,63.46,9.75,50.95,46.48,32.94,41.59,62,62.94,14.26,50.86,50.64,32.03,43.29,51,62.88,14.72,57.41,68.04,17.42,62.58,34,48.31,62.54,82.91,68.54,74
IR-E-U-0190,Shoolini University of Biotechnology and Management Sciences,Solan,Himachal Pradesh,,,,,,,,,38.01,125,49.11,27.77,45.78,52.78,5.12,38.58,103,55.99,22.73,47.47,54.74,0,36.72,112,53.75,22.22,46.02,47.26,0,,,,,,,,,,,,,,,,,,,,,,,,,,,,
IR-E-U-0056,Tezpur University,Tezpur,Assam,,,,,,,,,38.12,123,50.33,30.7,44.63,40.88,7.91,38.39,104,49.58,34.26,41.5,41.9,7.45,,,,,,,,,,,,,,,,,,,,,,,,,,,,,,,,,,,
IR-E-U-0460,Karunya Institute of Technology and Sciences,Coimbatore,Tamil Nadu,,,,,,,,,39.43,107,50.77,30.69,43.86,51.16,10.95,38.38,105,52.14,26.57,43.78,51.97,8.07,39.4,80,56.5,20.5,50.75,54.83,6.65,39.37,72,55.46,18.11,49.4,55.47,18.72,39.27,72,53.24,20.03,48.51,55.91,20.02,40.97,62,54.14,20.06,49.83,77.68,9.66,59.29,44,55.1,68.79,60.61,78.6,19
IR-E-U-0267,Atal Bihari Vajpayee Indian Institute of Information Technology and Management,Gwalior,Madhya Pradesh,,43.41,88,52.56,20.81,74.64,58.08,6.6,42.56,78,52.58,20.54,71.53,56.11,7,38.33,106,46.9,17.04,66.48,53.57,4.9,37.6,100,45.99,17.51,62.35,53.2,7.59,37.82,81,46.9,20.12,58.51,56.86,3.19,,,,,,,,,,,,,,,,,,,,,
IR-E-U-0130,Dhirubhai Ambani Institute of Information and Communication Technology,Gandhinagar,Gujarat,,,,,,,,,37.64,134,48.59,10.64,71.82,49,6.07,38.2,107,50.12,11.09,71.67,48.81,6.19,36.8,111,47.25,10.86,68.33,49.81,7.12,36.39,91,48.98,10.06,64.9,46.8,10.24,,,,,,,,39.38,70,55.93,7.81,60.31,70.52,11.47,,,,,,,
IR-E-U-0099,Guru Gobind Singh Indraprastha University,New Delhi,Delhi,,44.31,84,55.33,33.69,56.26,46.54,17.04,44.02,74,55.21,33.01,52.63,47.6,22.57,37.93,108,41.3,32.95,47.68,44.66,16.36,38.61,86,46.4,32.31,49.33,47.61,3.71,39.21,73,49.91,30.6,50.2,46.25,3.95,36.89,85,42.73,26.82,54.91,49.28,1.06,39.16,74,51.63,25.78,53.25,49.44,3.45,,,,,,,
IR-E-C-16547,Sri Sairam Engineering College,Kancheepuram,Tamil Nadu,,,,,,,,,,,,,,,,37.84,109,55.56,11.27,58.93,57.83,2.17,36.91,108,57.03,6.36,58.74,58.23,3.2,34.32,123,54.76,3.28,56.4,52.34,3.95,,,,,,,,,,,,,,,,,,,,,
IR-E-C-16626,Rajalakshmi Engineering College,Chennai,Tamil Nadu,,43.46,86,65.55,14.62,62.3,63.29,6.26,40.47,95,65.04,9.2,59.85,59.19,3.14,37.71,110,64.13,4.96,56.15,53.93,3.56,37.01,106,62.19,4.51,57.76,51.77,2.69,33.24,139,52.81,4.21,54.51,51.21,1.22,,,,,,,,,,,,,,,,,,,,,
IR-E-U-0043,"Vignan's Foundation for Science, Technology and Research",Guntur,Andhra Pradesh,,43.74,85,63.21,27.18,48.67,61.13,7.93,40.16,99,61.64,21.12,46.96,56.3,3.14,37.7,111,57.75,15.85,49.23,56.26,1.46,36.28,118,59.21,8.03,49.36,57.2,5.21,35.48,107,62.2,5.55,46.65,56.55,1.63,,,,,,,,37.11,88,57.25,2.82,48.23,70.42,23.89,50.65,88,49.21,50.65,72.09,67.19,0
IR-E-U-0445,B. S. Abdur Rahman Crescent Institute of Science and Technology,Chennai,Tamil Nadu,,,,,,,,,39.92,103,62.27,21.2,49,46.66,4.14,37.58,112,60.38,16.43,47.28,44.6,6.19,35.41,123,62.25,8.72,45.67,45.18,4.72,33.7,131,58.98,7.73,43.23,45.28,5.07,37.57,79,63.79,11.75,46.73,44.42,11.2,36.97,89,62.6,9.92,42.97,62.83,3.51,57.8,54,61.16,61.37,63.61,65.39,21
IR-E-U-0373,Chitkara University,Rajpura,Punjab,,42.48,92,47.51,30.88,52.35,62.84,22.25,37.24,144,48.75,16.2,50.82,58.13,17.88,37.5,113,53.58,13.38,52.56,58.11,11.02,31.72,181,48.34,7.56,47.86,53.83,0,,,,,,,,,,,,,,,,,,,,,,,,,,,,
IR-E-U-0613,National Institute of Technology Manipur,Imphal,Manipur,,42.28,95,63.06,20.62,53.37,61.24,3.79,39.32,108,63.58,16.86,43.79,59.74,4.63,37.45,114,61.1,14.77,42.18,58.89,3.56,33.02,158,54.89,8.29,42.86,53.25,1.63,32.31,148,55.99,4.59,43.66,51.55,2.41,,,,,,,,37.27,87,62.72,0.68,54.18,70.89,3.19,,,,,,,
IR-E-C-43264,National Institute of Foundry and Forge Technology (NIFFT),Ranchi,Jharkhand,,,,,,,,,36.77,150,67.53,4.93,49.22,49.31,2.64,37.35,115,67.07,4.72,53.71,45.16,5.55,33.57,148,54.46,2.27,58.68,41.41,6.65,,,,,,,,,,,,,,,,,,,,,,,,,,,,
IR-E-U-0367,Veer Surendra Sai University of Technology,Burla,Odisha,,,,,,,,,39.14,111,54.79,27.21,47.7,46.42,3.65,37.34,116,53.46,22.16,46.3,47.1,6.83,36.13,119,51.53,19.97,47.54,46.54,5.21,34.08,126,48.93,15.65,48.38,45.98,4.33,,,,,,,,,,,,,,,,,,,,,
IR-E-U-0143,Maharaja Sayajirao University of Baroda,Vadodara,Gujarat,,,,,,,,,36.78,149,54.72,14.21,53.7,47.61,6.07,37.3,117,56.48,14.79,52.46,50.11,4.23,36.54,116,57.31,13.41,51.16,47.33,3.71,33.45,137,50.12,13.13,49.53,40.58,5.07,,,,,,,,,,,,,,,,,,,,,
IR-E-U-0169,Manav Rachna International Institute of Research & Studies,Faridabad,Haryana,,,,,,,,,39.66,105,59.69,9.37,60.8,57.31,10.53,37.26,118,57.82,6.21,58.38,52.21,11.59,32.21,174,51.95,4.1,51.73,49.28,1.1,31.9,164,58.87,3.76,39.89,50.45,0.82,,,,,,,,,,,,,,,,,,,,,
IR-E-C-18886,Shri Ramdeobaba College of Engineering and Management,Nagpur,Maharashtra,,,,,,,,,37.02,146,56.99,9.31,57.6,50.89,5.12,37.22,119,59.71,7.98,57.72,50.85,2.87,36.62,113,60.35,5.29,56.88,51.33,4.22,35.02,112,61.36,2.75,54.7,48.52,0,,,,,,,,40.36,64,64.46,2.11,56.14,70.19,21.36,51.5,86,46.81,47.19,72.78,61.03,34
IR-E-U-0382,Punjab Technical University,Kapurthala,Punjab,,,,,,,,,,,,,,,,37.15,120,63.62,32.28,16.04,46.24,5.55,37.1,104,68.53,31,13.06,43.6,2.69,35.99,96,76.47,24.94,5.46,42.83,2.02,,,,,,,,,,,,,,,,,,,,,
IR-E-I-1441,Saveetha Institute of Medical and Technical Sciences,Chennai,Tamil Nadu,,49.3,64,71.38,46.01,34.86,69.33,1.94,,,,,,,,37.09,121,55.8,19.82,39.47,65.05,0,33.55,149,49.09,12.43,41.93,66.36,0.55,30.79,186,44.27,13.03,35.55,64.09,0.82,,,,,,,,,,,,,,,,,,,,,
IR-E-I-1015,Vishwakarma Institute of Technology,Pune,Maharashtra,,,,,,,,,37.28,142,58.11,7.27,59.8,50.59,6.54,36.82,122,56.71,5.43,63.65,48.32,6.19,32.72,165,47.21,6.45,59.26,44.53,3.2,,,,,,,,,,,,,,,,,,,,,,55.7,64,43.67,64.68,77.11,48.56,48
IR-E-C-18154,University College of Engingeering,Kakinada,Andhra Pradesh,,,,,,,,,,,,,,,,36.72,123,59.48,4.18,57.92,56.26,4.23,37.77,97,58.25,10.41,59.54,50.97,1.63,35.75,103,55.08,4.2,61.68,55.55,0.82,36.1,97,56.04,5.7,61.37,53.06,0,,,,,,,,,,,,,,
IR-E-C-27058,Mepco Schlenk Engineering College,Sivakasi,Tamil Nadu,,,,,,,,,37.79,129,51.12,24.77,51.24,50.22,15.32,36.67,124,49.66,19.34,47.9,46.51,17.35,37.52,101,49.72,18.31,52.51,47.18,18.86,36.92,88,51.38,16.75,51.01,48.21,14.55,,,,,,,,39.21,73,54.66,11.5,60.25,60.08,13.05,,,,,,,
IR-E-U-0491,"Vels Institute of Science, Technology & Advanced Studies (VISTAS)",Chennai,Tamil Nadu,,,,,,,,,,,,,,,,36.63,125,57.36,21.44,42.16,41.95,3.56,,,,,,,,,,,,,,,,,,,,,,,,,,,,,,,,,,,
IR-E-U-0507,Dayalbagh Educational Institute,Agra,Uttar Pradesh,,,,,,,,,38.26,120,62.73,9.86,52.88,49.82,9.24,36.62,126,61.61,7.63,49.47,53.44,6.19,37.51,102,61.29,7.89,52.51,53.47,8.95,37.59,84,60.92,6.98,53.07,51.8,14.26,39.98,69,63.33,9.78,57.1,51.51,14.73,,,,,,,,,,,,,,
IR-E-U-0175,YMCA University of Science & Tech (Formerely YMCA Institute of Engineering),Faridabad,Haryana,,,,,,,,,37.27,143,57.53,10.43,57.83,50.53,2.64,36.59,127,59.79,6.05,55.73,50.04,6.83,35.91,120,60.17,6.39,55.19,47.37,1.63,32.47,144,53.5,3.87,53.18,42.16,3.95,,,,,,,,,,,,,,,,,,,,,
IR-E-C-36975,Government College of Technology,Coimbatore,Tamil Nadu,,,,,,,,,,,,,,,,36.54,128,51.56,9.16,55.01,49.5,23.7,37.1,104,53.25,9.94,51.64,53.9,24.15,36.42,90,52.33,8.3,51.77,51.89,26.87,36.35,93,50.86,8.46,50.37,55.9,28.93,,,,,,,,,,,,,,
IR-E-U-0186,Jaypee University of Information Technology,Solan,Himachal Pradesh,,,,,,,,,37.39,138,44.77,25.87,57.18,44.53,3.14,36.53,129,47.14,21.27,55.23,46.01,3.56,36.55,115,48.53,18.76,54.81,46.44,7.59,34.42,121,43.49,16.46,47.36,47.63,22.03,37,84,45.26,16.66,53.23,55.7,21.96,,,,,,,,,,,,,,
IR-E-C-18817,G. H. Raisoni College of Engineering,Nagpur,Maharashtra,,,,,,,,,,,,,,,,36.46,130,52.49,8.85,60.93,48.69,9.87,34.07,139,46.65,9.68,61,49.25,0.55,35.19,111,52.08,8.99,59.86,48.22,0.82,,,,,,,,39.87,67,52.12,8.9,55.53,69.84,34.72,,,,,,,
IR-E-C-50605,PSG Institute of Technology and Applied Research,Coimbatore,Tamil Nadu,,,,,,,,,38.04,124,61.19,6.17,54.07,49.88,20.29,36.41,131,60.8,2.1,55.86,49.86,13.78,,,,,,,,,,,,,,,,,,,,,,,,,,,,,,,,,,,
IR-E-C-27616,University College of Engineering,Hyderabad,Telangana,,,,,,,,,38.49,117,60.15,9.49,55.99,61.92,2.12,36.37,132,59.95,6.78,52.91,50.28,7.45,38.43,88,60.88,4.28,65.2,53.66,4.72,37.68,83,60.92,3.78,65.43,50.24,1.63,37.52,80,58.19,4.41,68.69,48.43,1.58,38.06,80,61.64,2.55,63.13,59.62,2.12,,,,,,,
IR-E-C-25622,Chaitanya Bharathi Institute of Technology,Hyderabad,Telangana,,,,,,,,,,,,,,,,36.32,133,60.36,2.21,56.74,51.57,10.45,35.32,124,57.82,2.01,57.52,50.22,8.5,35.86,100,61.07,2.16,56.8,51.01,4.33,,,,,,,,36.93,90,58.85,1.35,57.79,65.58,7.45,54.66,71,44.1,47.74,69.08,64.91,73
IR-E-C-19754,SR University,Warangal,Telangana,,42.09,98,65.32,15.79,51.98,62.66,10.79,40.69,91,65.52,13.28,47.9,62.23,12.59,36.11,134,62.51,6.49,41.74,62.54,8.07,32.95,160,62.29,1.91,31.2,62.13,12.38,,,,,,,,,,,,,,,,,,,,,,,,,,,,
IR-E-C-19667,Vallurupalli Nageswara Rao Vignana Jyothi Institute of Engineering and Technology,Hyderabad,Telangana,,,,,,,,,39.04,113,59.74,14.47,53.53,50.56,10.11,36.06,135,61.89,6.83,50.96,47.63,4.9,34.99,127,62.78,6.38,44.97,50.33,2.16,35.28,109,62.34,4.63,50.49,50.07,0.82,,,,,,,,,,,,,,,,,,,,,
IR-E-U-0332,The Rashtrasant Tukadoji Maharaj Nagpur University,Nagpur,Maharashtra,,,,,,,,,,,,,,,,35.95,136,49.65,23.08,48.98,42.64,0.74,33.68,144,41.84,24.72,48.59,39.99,0,34.37,122,44.22,25.78,45.6,42.47,0,,,,,,,,,,,,,,,,,,,,,
IR-E-C-37064,Sri Krishna College of Technology,Coimbatore,Tamil Nadu,,,,,,,,,38.14,122,54.89,12.91,61.72,46.61,7.91,35.94,137,54.45,8.12,60.34,47.44,3.56,33.43,152,51.06,4.37,58.86,46.6,3.71,32.46,145,53.36,1.01,56.19,46.26,2.81,,,,,,,,,,,,,,,,,,,,,
IR-E-C-1400,NMAM Institute of Technology,"Nitte, Udupi",Karnataka,,,,,,,,,,,,,,,,35.93,138,59.12,9.14,50.79,48.71,4.23,34.73,133,58.73,5.43,50.17,48.85,5.69,33.84,128,55.92,3.66,49.16,51.38,9.92,,,,,,,,,,,,,,,,,,,,,
IR-E-C-1345,P E S College of Engineering,Mandya,Karnataka,,,,,,,,,37.4,137,60.33,1.46,65.46,57.72,0,35.89,139,60.69,1.04,56.57,60.6,0,33.65,147,59.25,0.71,51.11,54.45,0,31.98,161,58.74,0.83,48.07,43.41,1.63,,,,,,,,,,,,,,,,,,,,,
IR-E-C-42054,Army Institute of Technology,Pune,Maharashtra,,,,,,,,,,,,,,,,35.89,139,53.37,1.08,64.93,58.2,7.45,36.85,109,54.68,2.33,64.18,62.39,6.65,36.39,91,53.18,2.46,64.86,58.4,8.92,36.71,88,54.67,2.33,64.84,60.38,5.97,38.7,77,54.85,1.05,67.36,76.35,8.24,,,,,,,
IR-E-C-1371,New Horizon College of Engineering,Bengaluru,Karnataka,,,,,,,,,38.18,121,56.95,6.56,64.91,56.5,5.12,35.87,141,51.75,5.91,64.47,53.23,3.56,36.6,114,55.94,5.26,63.07,55.65,0.55,35.5,106,56.3,1.71,61.75,56.68,0.82,35.95,99,57,2.23,62.4,56.96,0,,,,,,,,,,,,,,
IR-E-C-19650,Vardhaman College of Engineering,Rangareddy,Telangana,,,,,,,,,,,,,,,,35.87,141,53.07,8,55.81,48.64,15.35,33.75,143,57.23,4.18,52.41,48.49,0,32.21,152,53.89,2.85,51.95,47.85,0,,,,,,,,,,,,,,,,,,,,,
IR-E-C-33773,Bharatiya Vidya Bhavan`s Sardar Patel Institute of Technology,Mumbai,Maharashtra,,,,,,,,,,,,,,,,35.67,143,48.87,11.24,63.74,46.71,2.17,35.27,125,53.58,7.74,59.93,46.69,2.16,34.79,114,51.68,6.16,62.73,47.19,1.63,,,,,,,,,,,,,,,,,,,,,
IR-E-C-6581,Pondicherry Engineering College,Puducherry,Pondicherry,,,,,,,,,36.77,150,46.38,15.51,59.49,54.2,8.8,35.66,144,50.19,14.63,56.41,34.53,14.83,35.49,122,55.46,15.73,43.96,40.61,12.79,38.56,76,59.92,18.37,46.02,44.74,13.96,43.7,53,62.07,19.84,65.32,42.72,17.99,46.37,38,66.45,20.44,69.4,61.68,2.54,58.79,49,58.68,57.67,71.2,77.49,19
IR-E-U-0621,National Institute of Technology Puducherry,Karaikal,Pondicherry,,,,,,,,,37.49,136,52.4,10.61,52.53,71.66,9.24,35.66,144,52.36,5.42,53.92,68.57,6.83,34.87,130,54.57,3.41,54.45,58.82,7.12,,,,,,,,,,,,,,,,,,,,,,,,,,,,
IR-E-C-19747,Anurag University,Hyderabad,Telangana,,,,,,,,,37.33,140,61.17,4.04,53.57,60.93,9.68,35.55,146,55.78,2.62,52.86,60.28,14.31,31.74,180,56.55,1.44,43.97,54.98,0.55,31.58,169,53.15,0.88,52.64,48.14,0.41,,,,,,,,,,,,,,,,,,,,,
IR-E-C-10342,Chandigarh Engineering College,Sahibzada Ajit Singh Nagar,Punjab,,,,,,,,,37.37,139,64.49,6.88,43.96,71.26,0.54,35.42,147,60.56,4.7,46.08,66.18,0,,,,,,,,,,,,,,,,,,,,,,,,,,,,,,,,,,,
IR-E-S-8898,"National Institute of Food Technology, Entrepreneurship & Management",Sonipat,Haryana,,,,,,,,,37.96,127,58.17,8.74,56.42,63.09,1.6,35.35,148,52.72,5.62,57.16,63.41,0.74,35.65,121,53.96,3.72,59.1,64.06,1.1,34.48,117,51.7,2.52,59.41,62.94,0.41,,,,,,,,,,,,,,,,,,,,,
IR-E-C-18254,Yeshwantrao Chavan College of Engineering,Nagpur,Maharashtra,,,,,,,,,,,,,,,,35.28,149,56.1,7.1,55.05,52.36,0.74,34.07,139,51.75,8.58,53.65,52.42,0,33.58,134,56.43,9.61,43.84,50.01,0,,,,,,,,,,,,,,,50.14,93,45.23,39.29,65.99,73.81,46
IR-E-U-0938,Dr. Vishwanath Karad MIT World Peace University,Pune,Maharashtra,,,,,,,,,38.51,116,65.58,9.67,54.35,48.12,2.64,35.24,150,61.8,6.18,50.16,48.25,0,34.17,138,60.56,4.32,47.57,48.17,3.71,32.11,154,56.37,3.77,47.71,44.13,1.22,,,,,,,,,,,,,,,,,,,,,
IR-E-N-10,SVKM`s Narsee Monjee Institute of Management Studies,Mumbai,Maharashtra,,,,,,,,,37.58,135,56.8,12.47,55.01,56.41,1.6,35.18,151,56.25,7.13,52.07,55.33,2.17,33.5,151,56.06,5.17,48.62,51.89,2.16,35.26,110,57.24,6.48,51.37,57.48,1.22,,,,,,,,,,,,,,,,,,,,,
IR-E-C-1336,BMS Institute of Technology & Management,Bengaluru,Karnataka,,,,,,,,,,,,,,,,35.1,152,49.99,4.88,59.32,54.59,13.24,32.36,169,48.02,4.04,51.43,53.36,11.13,32.07,157,48.31,2.52,54.21,54.49,5.44,,,,,,,,36.67,95,60.5,5.27,50.66,62.29,5.78,,,,,,,
IR-E-U-0146,Nirma University,Ahmedabad,Gujarat,,,,,,,,,38.01,125,53.06,18.6,57.81,45.36,4.14,35.07,153,52.02,13.43,51.68,45.95,4.9,34.85,131,53.9,10.82,50.6,46.14,7.12,33.46,136,51.3,10,50.12,44.72,5.8,,,,,,,,38.07,79,54.77,13.56,54.21,56.89,10.38,59.23,45,48.41,54.52,67.95,69.27,81
IR-E-U-0604,"Amity University, Gwalior",Gwalior,Madhya Pradesh,,,,,,,,,36.49,153,60.12,6.79,58.15,46.78,1.08,35.02,154,57.48,3.71,58.75,46.18,2.87,32.88,162,56.79,1.4,54.03,46.1,0,,,,,,,,,,,,,,,,,,,,,,,,,,,,
IR-E-C-19607,CVR College Of Engineering,Ibrahimpatan,Telangana,,,,,,,,,,,,,,,,35,155,58.79,3.48,54.75,52.16,1.46,33.87,141,57.68,1.21,54.84,51.32,1.1,33.65,132,56.59,0.62,56.32,51.43,0.82,,,,,,,,,,,,,,,,,,,,,
IR-E-C-8277,"Government Engineering College, Thrissur",Thrissur,Kerala,,,,,,,,,,,,,,,,34.91,156,60.69,3.88,50.29,51.95,2.87,32.81,164,57.13,2.86,49.94,45.99,2.16,,,,,,,,,,,,,,,,,,,,,,,,,,,,
IR-E-U-0223,"Jain University, Bangalore",Bengluru,Karnataka,,,,,,,,,38.55,115,53.65,22.75,47.37,58.61,3.14,34.72,157,48.96,18.52,44.87,54.32,0.74,36.49,117,49.08,23.49,46.44,53.2,1.1,34.76,115,47.38,18.64,46,56.74,0.82,,,,,,,,,,,,,,,,,,,,,
IR-E-U-0592,Maulana Abul Kalam Azad University of Technology,Nadia,West Bengal,,,,,,,,,,,,,,,,34.7,158,46.79,18.71,52.47,42.66,2.87,33.07,157,41.49,16.75,52.96,47.42,2.69,31.87,165,38.35,16.86,56.34,39.93,0.41,,,,,,,,,,,,,,,,,,,,,
IR-E-C-19706,Institute of Aeronautical Engineering,Hyderabad,Telangana,,,,,,,,,,,,,,,,34.61,159,50.17,14.51,49.88,49.39,2.87,32.26,170,50.61,7.28,45.04,54.16,4.72,33.24,139,53.43,2.98,53.67,53.39,2.41,,,,,,,,,,,,,,,,,,,,,
IR-E-U-0615,National Institute of Technology Arunachal Pradesh,Itanagar,Arunachal Pradesh,,,,,,,,,,,,,,,,34.59,160,59.59,9.94,41.8,51.5,2.17,31.09,200,50.56,9.06,39.36,46.21,7.12,,,,,,,,,,,,,,,,,,,,,,,,,,,,
IR-E-U-0685,Indira Gandhi Delhi Technical University for Women,Delhi,Delhi,,,,,,,,,,,,,,,,34.52,161,43.09,8.82,65.36,54.48,4.23,33.67,145,42.33,8.13,63.06,53.96,5.21,31.93,162,39.18,6.28,62.08,53.74,5.07,,,,,,,,,,,,,,,,,,,,,
IR-E-U-0384,Sant Longowal Institute of Engineering & Technology,Longowal,Punjab,,,,,,,,,,,,,,,,34.52,161,58.4,16.31,29.59,57.04,4.9,34.27,137,59.28,17.63,27.04,55.09,2.69,33.63,133,58.54,17.37,27.76,52.68,0.41,,,,,,,,,,,,,,,57.52,56,57.24,67.97,55.5,35.4,67
IR-E-C-30153,"Silicon Institute of Technology (SIT), Bhubaneswar",Bhubaneswar,Odisha,,,,,,,,,,,,,,,,34.46,163,55.5,3.07,54.5,59.17,0.74,32,179,52.9,2.66,47.2,56.2,2.69,,,,,,,,,,,,,,,,,,,,,,,,,,,,
IR-E-C-37065,Kongu Engineering College,Perundurai,Tamil Nadu,,,,,,,,,38.31,118,58.83,14.44,51.81,43.29,16.43,34.38,164,57.61,8,46.3,43.96,10.45,34.45,135,58.13,5.76,46.86,44.25,14.79,35.89,99,58.18,8.21,48.37,45.7,17.38,40.28,68,59.46,13.12,52.77,45.32,34.2,42.43,57,60.47,13.96,60.8,62.39,17.04,59.06,46,47.51,66.33,77.98,72.56,32
IR-E-C-19534,Goka Raju Ranga Raju Institute of Engineering & Technology,Hyderabad,Telangana,,,,,,,,,36.79,148,54.03,12.59,57.1,50.18,3.65,34.36,165,55.87,5.71,52.63,49.43,4.23,32.24,172,53.11,2.72,52.44,48.87,1.1,31.19,179,50.85,1.98,51.5,49.28,1.22,,,,,,,,,,,,,,,,,,,,,
IR-E-U-0443,Annamalai University,Annamalainagar,Tamil Nadu,,,,,,,,,,,,,,,,34.23,166,59.64,25.05,21.64,30.19,14.83,,,,,,,,,,,,,,,,,,,,,,,,,,,,,,,,,,,
IR-E-U-0535,Rajiv Gandhi Institute of Petroleum Technology,Amethi,Uttar Pradesh,,45.97,79,76.68,12.55,68.5,54.57,0.4,,,,,,,,34.18,167,58.91,7.14,49.49,42.47,2.17,34.59,134,56.16,7.55,56.28,42.16,0,,,,,,,,,,,,,,,,,,,,,,,,,,,,
IR-E-C-1352,Nitte Meenakshi Institute of Technology,Bengaluru,Karnataka,,,,,,,,,,,,,,,,34.14,168,57.43,4.88,50.31,51.73,2.17,34.97,128,58.44,6.1,49.4,53.09,4.22,32.82,142,53.89,3.6,48.33,53.87,5.07,,,,,,,,,,,,,,,,,,,,,
IR-E-C-6192,Institute of Engineering & Management,Kolkata,West Bengal,,,,,,,,,,,,,,,,34.09,169,50.66,9.34,44.8,67.09,4.23,31.33,191,43.74,7.8,51.73,52.96,2.16,35.79,101,51.11,10.95,55.18,58.6,2.81,,,,,,,,,,,,,,,53.26,79,43.45,56.73,82.68,58.11,21
IR-E-C-16614,R.M.K. Engineering College,Thiruvallur,Tamil Nadu,,,,,,,,,36.46,154,57.46,8,56.48,52.18,3.14,34.04,170,54.45,3.25,55.6,52.39,3.56,33.24,155,54.27,2.25,54.24,53.21,1.1,32.07,157,50.02,3.22,53.98,51.25,1.63,,,,,,,,37.45,84,60.64,4.51,55.86,61.68,5.67,,,,,,,
IR-E-I-1093,Noida Institute of Engineering & Technology,Greater Noida,Uttar Pradesh,,,,,,,,,37.2,145,56.67,3.19,58.51,52.16,23.2,33.99,171,52.45,1.37,57.5,48.67,14.83,,,,,,,,,,,,,,,,,,,,,,,,,,,,,49.24,99,44.1,38.54,79.51,69.04,27
IR-E-U-0454,Hindustan Institute of Technology and Science (HITS),Chennai,Tamil Nadu,,,,,,,,,36.71,152,50.09,26.26,42.12,48.27,5.6,33.98,172,48.41,17.65,44.02,46.84,6.83,36.98,107,59.79,11.96,46.62,56.11,5.21,36.11,95,59.96,8.47,47.83,53.23,6.86,,,,,,,,,,,,,,,54.32,72,52.71,41.67,69.01,79.65,42
IR-E-C-42227,Dr. D. Y. Patil Institute of Technology,Pune,Maharashtra,,,,,,,,,,,,,,,,33.98,172,53.67,0.46,60.1,51.72,5.55,31.15,196,49.69,1.66,53.63,48.5,1.63,,,,,,,,,,,,,,,,,,,,,,,,,,,,
IR-E-U-0376,Guru Nanak Dev University,Amritsar,Punjab,,,,,,,,,,,,,,,,33.98,172,24.31,32.53,56.36,46.22,10.45,,,,,,,,,,,,,,,,,,,,,,,,,,,,,,,,,,,
IR-E-C-37089,Sri Ramakrishna Engineering College,Coimbatore,Tamil Nadu,,,,,,,,,,,,,,,,33.96,175,54.46,6.83,50.09,45.1,10.45,33.79,142,54.46,5.15,53.3,46.28,6.18,33.36,138,57.1,4.19,48.73,47.13,5.07,,,,,,,,,,,,,,,50.55,90,46.62,56.15,67.8,65.62,6
IR-E-C-46111,KIET Group of Institutions,Ghaziabad,Uttar Pradesh,,,,,,,,,,,,,,,,33.85,176,57.83,4.54,53.35,44.67,0,,,,,,,,,,,,,,,,,,,,,,,,,,,,,,,,,,,
IR-E-U-0643,Galgotias University,Gautam Budh Nagar,Uttar Pradesh,,,,,,,,,36.89,147,52.94,16.04,49.01,55.25,8.8,33.79,177,54.08,8.46,49.47,49.18,2.17,,,,,,,,,,,,,,,,,,,,,,,,,,,,,,,,,,,
IR-E-C-18010,Velagapudi Ramakrishna Siddhartha Engineering College,Vijayawada,Andhra Pradesh,,,,,,,,,37.3,141,57.86,14.82,49.24,52.3,4.14,33.73,178,54.41,8.15,46.79,52.53,3.56,33.13,156,55.02,5.36,47.11,53.23,2.69,31.53,171,52.92,4.57,46.21,48.45,2.02,,,,,,,,,,,,,,,,,,,,,
IR-E-U-0541,Sharda University,Greater Noida,Uttar Pradesh,,,,,,,,,36.1,164,57.74,17.36,37.44,55.57,5.12,33.64,179,52.08,10.44,41.15,54.55,12.15,,,,,,,,,,,,,,,,,,,,,,,,,,,,,,,,,,,
IR-E-U-0854,KLE Technological University,Dharwad,Karnataka,,,,,,,,,,,,,,,,33.58,180,54.63,6.75,50.42,48.01,2.87,34.34,136,56.85,8.11,48.85,49.29,1.63,32.05,159,52.49,4.07,50.03,47.89,2.81,,,,,,,,,,,,,,,,,,,,,
IR-E-C-36143,Shri G. S. Institute of Technology & Science,Indore,Madhya Pradesh,,,,,,,,,,,,,,,,33.49,181,52.93,3.8,55.1,48.3,6.19,,,,,,,,,,,,,,,,,,,,,,,,,,,,,,,,,,,
IR-E-U-0046,North Eastern Regional Institute of Science & Technology,Itanagar,Arunachal Pradesh,,,,,,,,,,,,,,,,33.38,182,60.11,11.98,34.94,43.51,4.23,33.67,145,64.04,9.76,33.3,43.05,5.69,31.4,173,63.39,8.19,27.52,39.13,5.07,,,,,,,,,,,,,,,,,,,,,
IR-E-C-16537,St. Josephs College of Engineering,Kancheepuram,Tamil Nadu,,,,,,,,,,,,,,,,33.36,183,51.5,10.67,50.71,45.66,0,32.95,160,53.65,6.81,52.88,42.44,0,33.84,128,57.62,5.38,54.55,40.28,0,,,,,,,,,,,,,,,,,,,,,
IR-E-C-36022,Lakshmi Narain College of Technology,Bhopal,Madhya Pradesh,,,,,,,,,,,,,,,,33.23,184,51.79,1.86,57.61,55.45,0.74,,,,,,,,,,,,,,,,,,,,,,,,,,,,,,,,,,,
IR-E-U-0353,Centurion  University  of Technology and Management,Paralakhemundi,Odisha,,,,,,,,,,,,,,,,33.14,185,52.52,3.79,54.32,53.05,0.74,,,,,,,,,,,,,,,,,,,,,,,,,,,,,,,,,,,
IR-E-I-1356,Rabindranath Tagore University,Raisen,Madhya Pradesh,,,,,,,,,,,,,,,,33.07,186,56.04,1.76,47.95,61.42,0,,,,,,,,,,,,,,,,,,,,,,,,,,,,,,,,,,,
IR-E-U-0616,National Institute of Technology Uttarakhand,Srinagar (Garhwal),Uttarakhand,,,,,,,,,37.75,131,61.05,18.92,44.19,45.53,3.65,33.07,186,57.07,12.26,42.75,35.71,1.46,,,,,,,,,,,,,,,,,,,,,,,,,,,,,,,,,,,
IR-E-C-1412,JSS Science and Technology University,Mysuru,Karnataka,,,,,,,,,,,,,,,,33.04,188,50.71,4.3,53.39,49.93,8.68,34.81,132,55.76,3.86,54.88,51.44,8.05,34.43,120,56.21,2.45,55.88,52.19,4.33,,,,,,,,,,,,,,,,,,,,,
IR-E-C-16560,Easwari Engineering College,Chennai,Tamil Nadu,,,,,,,,,,,,,,,,32.75,189,51.44,2.41,56.66,48.49,4.23,,,,,,,,30.31,200,48.15,2.9,50.17,47.64,2.02,,,,,,,,,,,,,,,,,,,,,
IR-E-I-1033,International Institute of Information Technology Bhubaneswar,Bhubaneswar,Odisha,,,,,,,,,,,,,,,,32.73,190,42.3,12.58,54.47,49.64,4.23,,,,,,,,,,,,,,,,,,,,,,,,,,,,,,,,,,,
IR-E-C-27089,National Engineering College,Kovilpatti,Tamil Nadu,,,,,,,,,,,,,,,,32.64,191,56.42,5.8,45.79,46.72,1.46,31.36,189,53.98,5.99,42.9,46.85,1.1,31.85,166,53.82,6.14,43.59,48.16,3.19,,,,,,,,,,,,,,,,,,,,,
IR-E-C-37028,Sona College of Technology,Salem,Tamil Nadu,,,,,,,,,,,,,,,,32.61,192,53.68,4.16,49.5,48.67,4.9,33.53,150,53.05,6.12,52.87,46.82,5.21,35.79,101,61.49,6.57,50.52,48.69,3.95,,,,,,,,,,,,,,,58.97,47,39.04,58.23,66.94,77.41,86
IR-E-C-1406,C M R Institute of Technology,Bengaluru,Karnataka,,,,,,,,,,,,,,,,32.56,193,55.56,4.14,46.07,52.22,2.17,,,,,,,,31.36,174,52.63,1.44,48.24,52.06,2.81,,,,,,,,,,,,,,,,,,,,,
IR-E-C-46239,G.L.Bajaj Institute of Technology and Management,Greater Noida,Uttar Pradesh,,,,,,,,,,,,,,,,32.55,194,57.13,3.72,47.78,47.32,0,,,,,,,,,,,,,,,,,,,,,,,,,,,,,,,,,,,
IR-E-U-0774,DIT University,Dehradun,Uttarakhand,,,,,,,,,,,,,,,,32.53,195,50.14,7.09,48.53,55.03,1.46,34.93,129,58.78,7.54,43.77,59.09,3.71,,,,,,,,,,,,,,,,,,,,,,,,,,,,
IR-E-C-1438,The National Institute of Engineering,Mysore,Karnataka,,,,,,,,,,,,,,,,32.52,196,53.79,2.33,51.03,50.48,4.23,32.17,175,51.97,2.65,51.05,50.57,5.21,31.25,178,48.68,2.59,51.89,50.16,4.7,,,,,,,,,,,,,,,49.514,96,38.67,46.65,77.95,64.66,35
IR-E-C-33584,K. J. Somaiya College of Engineering,Mumbai,Maharashtra,,,,,,,,,,,,,,,,32.48,197,52.22,3.33,58.94,38.08,2.17,32.25,171,51.95,2.84,59.03,39.37,0.55,31.07,182,49.28,1.45,58.56,40.6,0.82,,,,,,,,,,,,,,,,,,,,,
IR-E-C-27400,Kakatiya Institute of Technology & Science,Warangal,Telangana,,,,,,,,,,,,,,,,32.48,197,55.8,1.64,49.13,49.25,4.9,,,,,,,,31.14,180,55.87,0.98,44.6,49.69,2.02,,,,,,,,,,,,,,,,,,,,,
IR-E-C-11015,Walchand College of Engineering,Sangli,Maharashtra,,,,,,,,,,,,,,,,32.46,199,48.25,4.54,56.11,47.93,6.19,32.39,168,50.11,4.15,54.99,47.43,3.71,32.2,153,50.09,4.24,55.5,42.62,5.44,,,,,,,,,,,,,,,,,,,,,
IR-E-U-0037,Sri Venkateswara University,Tirupati,Andhra Pradesh,,,,,,,,,,,,,,,,32.42,200,41.76,25.59,37.58,43.31,3.56,33.29,153,42.43,27.73,38,42.67,3.71,36.66,89,47.38,29.9,43.2,45.19,3.19,39.55,71,48.87,31.55,51.45,50.27,1.06,43.53,48,54.81,33.56,54.93,55.88,4.42,,,,,,,
IR-E-C-1413,Dayananda Sagar College of Engineering,Bengaluru,Karnataka,,,,,,,,,,,,,,,,,,,,,,,35.11,126,51.56,6.69,57.99,54.63,5.69,33.99,127,51.05,4.34,57.87,55.33,2.81,,,,,,,,,,,,,,,,,,,,,
IR-E-C-6202,Heritage Institute of Technology,Kolkata,West Bengal,,,,,,,,,,,,,,,,,,,,,,,33.27,154,52.26,4.9,50.4,54.15,6.18,32.26,150,49.97,4.92,51.58,51.91,2.81,,,,,,,,,,,,,,,,,,,,,
IR-E-U-0213,Alliance University,Bengaluru,Karnataka,,,,,,,,,,,,,,,,,,,,,,,33,159,47.89,1.88,63.26,53.12,1.1,30.79,186,40.58,1.26,61.61,57.6,1.63,,,,,,,,,,,,,,,,,,,,,
IR-E-C-6238,Haldia Institute of Technology,Haldia,West Bengal,,,,,,,,,,,,,,,,,,,,,,,32.83,163,49.15,6.8,50.2,55.8,4.22,31.36,174,47.03,6.55,48.02,54.42,2.41,,,,,,,,,,,,,,,,,,,,,
IR-E-U-0864,Harcourt Butler Technical University,Kanpur Nagar,Uttar Pradesh,,,,,,,,,,,,,,,,,,,,,,,32.69,166,59.15,2.31,46.82,42.34,6.65,,,,,,,,,,,,,,,,,,,,,,,,,,,,
IR-E-C-42242,Maharshi Karve Stree Shikshan Samstha's Cummins College of Engineering for Women,Pune,Maharashtra,,,,,,,,,,,,,,,,,,,,,,,32.23,173,50.8,2.95,52.51,53.89,2.16,30.75,188,50.06,0.98,51.37,48.91,2.81,,,,,,,,,,,,,,,,,,,,,
IR-E-C-16572,Sri Venkateswara College of Engineering,Kancheepuram,Tamil Nadu,,,,,,,,,,,,,,,,,,,,,,,32.12,176,56.18,4.91,48.74,38.31,2.16,32.71,143,58.29,4.32,49.22,37.96,2.81,,,,,,,,,,,,,,,,,,,,,
IR-E-C-9462,"School of Engineering, Cochin University of Science and Technology",Cochin,Kerala,,,,,,,,,,,,,,,,,,,,,,,32.04,178,50.08,14.19,38.55,44.77,5.69,34.49,116,49.45,23.58,37.28,44.71,6.51,,,,,,,,,,,,,,,57.69,55,46.89,72.99,55.16,51.52,66
IR-E-U-0455,"Indian Institute of Information Technology, Design & Manufacturing",Chennai,Tamil Nadu,,,,,,,,,,,,,,,,,,,,,,,31.63,182,35.51,7.8,57.62,53.05,18.15,30.37,197,36.01,5.71,51.45,54.74,21.04,,,,,,,,,,,,,,,52.64,80,48.23,41.22,86.82,61.99,38
IR-E-U-0739,Madan Mohan Malaviya University of Technology,Gorakhpur,Uttar Pradesh,,,,,,,,,,,,,,,,,,,,,,,31.6,183,47.49,15.84,44.1,35.1,2.69,,,,,,,,,,,,,,,,,,,,,,,,,,,,
IR-E-C-26929,Sree Vidyanikethan Engineering College,A.Rangampet,Andhra Pradesh,,,,,,,,,,,,,,,,,,,,,,,31.54,184,54.06,1.24,50.93,47.58,0,31.7,167,55.35,0.69,49.81,48.01,1.22,,,,,,,,,,,,,,,,,,,,,
IR-E-C-26928,JNTUA College of Engineering,Anantapur,Andhra Pradesh,,,,,,,,,,,,,,,,,,,,,,,31.52,185,55.12,3.96,48.19,36.84,4.72,30.88,185,50.84,2.32,54.07,37.56,3.58,,,,,,,,,,,,,,,,,,,,,
IR-E-C-1398,BNM Institute of Technology,Bengaluru,Karnataka,,,,,,,,,,,,,,,,,,,,,,,31.48,186,55.66,1.11,46.87,50.8,0,32.08,156,56.63,0.91,47.99,51.04,1.22,,,,,,,,,,,,,,,,,,,,,
IR-E-C-26162,Vasavi College of Engineering,Hyderabad,Telangana,,,,,,,,,,,,,,,,,,,,,,,31.46,187,48.8,0.75,56.58,50.47,2.16,31.56,170,50.53,0.7,57.17,47.64,0,,,,,,,,,,,,,,,,,,,,,
IR-E-C-17913,Gayatri Vidya Parishad College of Engineering,Visakhapatnam,Andhra Pradesh,,,,,,,,,,,,,,,,,,,,,,,31.38,188,54.28,1.69,45.48,48.12,6.65,30.35,198,52.14,1.26,46.87,47.57,2.02,,,,,,,,,,,,,,,,,,,,,
IR-E-C-26905,G.Pulla Reddy Engineering College,Kurnool,Andhra Pradesh,,,,,,,,,,,,,,,,,,,,,,,31.35,190,53.11,1.15,48.27,51.6,2.69,31.26,177,54.19,0.6,47.37,52.32,1.22,,,,,,,,,,,,,,,,,,,,,
IR-E-C-16476,Sri Sai Ram Institute of Technology,Chennai,Tamil Nadu,,,,,,,,,,,,,,,,,,,,,,,31.32,192,48.89,2.8,54.08,47.67,2.16,30.48,194,47.09,2.18,54.5,46.82,1.22,,,,,,,,,,,,,,,,,,,,,
IR-E-U-0129,Dharmsinh Desai University,Nadiad,Gujarat,,,,,,,,,,,,,,,,,,,,,,,31.29,193,49.4,2.29,59.12,36.87,2.69,,,,,,,,,,,,,,,,,,,,,,,,,,,,
IR-E-U-0405,The LNM Institute of Information Technology,Jaipur,Rajasthan,,,,,,,,,,,,,,,,,,,,,,,31.24,194,41.95,12.14,53.25,43.08,0.55,,,,,,,,,,,,,,,,,,,,,,,,,,,,
IR-E-U-0162,Guru Jambheshwar University of Science and Technology,Hisar,Haryana,,,,,,,,,,,,,,,,,,,,,,,31.23,195,41.05,13.82,51.92,40.13,3.71,,,,,,,,,,,,,,,,,,,,,,,,,,,,
IR-E-C-49660,Pimpri Chinchwad College of Engineering,Pune,Maharashtra,,,,,,,,,,,,,,,,,,,,,,,31.13,197,46.11,7.36,50.73,48.76,0.55,30.52,192,49.29,3.63,48.9,48.56,0,,,,,,,,,,,,,,,,,,,,,
IR-E-C-34167,Ramrao Adik Institute of Technology,Navi Mumbai,Maharashtra,,,,,,,,,,,,,,,,,,,,,,,31.11,198,53.6,3.82,45.75,47.25,0,31.45,172,51.93,2.23,50.52,50.99,0,,,,,,,,,,,,,,,,,,,,,
IR-E-C-48145,BVRIT Hyderabad,Hyderabad,Telangana,,,,,,,,,,,,,,,,,,,,,,,31.1,199,49.16,0.46,53.74,52.98,1.63,32.36,147,52.34,0.46,54.81,53.61,2.02,,,,,,,,,,,,,,,,,,,,,
IR-E-S-8931,National Institute of Industrial Engineering,Mumbai,Maharashtra,,,,,,,,,,,,,,,,,,,,,,,,,,,,,,40.48,66,64.8,4.46,67.54,57.18,4.7,45.91,44,79.15,2.63,73.55,59.67,6.89,,,,,,,,,,,,,,
IR-E-C-36984,Bannari Amman Institute of Technology,Sathyamangalam,Tamil Nadu,,,,,,,,,,,,,,,,,,,,,,,,,,,,,,35.9,98,56.28,6.59,53.94,44.92,17.65,37.81,76,58.36,9.31,53.78,49.52,17.99,,,,,,,,56.21,62,51.61,58.11,77.22,62.78,27
IR-E-U-0487,Tamil Nadu Veterinary & Animal Sciences University,Chennai,Tamil Nadu,,,,,,,,,,,,,,,,,,,,,,,,,,,,,,35.32,108,66.45,4.16,48.45,43.71,0.82,,,,,,,,,,,,,,,,,,,,,
IR-E-C-16590,Saveetha Engineering College,Sriperumbudur,Tamil Nadu,,,,,,,,,,,,,,,,,,,,,,,,,,,,,,34.14,124,55.68,2.99,55.82,53.45,0.41,,,,,,,,36.88,91,49.94,4.73,64.45,70.27,5.64,,,,,,,
IR-E-U-0554,G. B. Pant Universtiy of Agriculture and Technology,Pantnagar,Uttarakhand,,,,,,,,,,,,,,,,,,,,,,,,,,,,,,32.87,141,50.9,13.11,45.14,42.36,3.95,,,,,,,,,,,,,,,,,,,,,
IR-E-C-26783,PSNA College of Engineering and Technology,Dindigul,Tamil Nadu,,,,,,,,,,,,,,,,,,,,,,,,,,,,,,32.26,150,53.46,3.77,51.11,47.47,1.22,,,,,,,,,,,,,,,,,,,,,
IR-E-C-41351,Bansilal Ramnath Agarwal Charitable Trust`s Vishwakarama Institute of Technology,Pune,Maharashtra,,,,,,,,,,,,,,,,,,,,,,,,,,,,,,32.1,155,49.25,3.99,57.7,43.39,2.41,,,,,,,,,,,,,,,,,,,,,
IR-E-C-6257,Narula Institute of Technology,Kolkata,West Bengal,,,,,,,,,,,,,,,,,,,,,,,,,,,,,,32.01,160,54.1,1.58,46.37,59.95,0.41,,,,,,,,,,,,,,,,,,,,,
IR-E-C-1291,Dr. Ambedkar Institute of Technology,Bengaluru,Karnataka,,,,,,,,,,,,,,,,,,,,,,,,,,,,,,31.91,163,48.42,1.55,59.9,46.54,2.81,,,,,,,,,,,,,,,,,,,,,
IR-E-C-19569,Padmasri Dr. B.V. Raju Institute of Technology,Medak,Telangana,,,,,,,,,,,,,,,,,,,,,,,,,,,,,,31.59,168,55.09,0.81,48.8,50.56,0,,,,,,,,,,,,,,,,,,,,,
IR-E-C-16504,Sri Venkateswara College of Engineering and Technology,Chittoor,Andhra Pradesh,,,,,,,,,,,,,,,,,,,,,,,,,,,,,,31.3,176,54.96,0.39,51.84,42.8,0.41,,,,,,,,,,,,,,,,,,,,,
IR-E-C-34112,Sardar Patel College of Engineering,Mumbai,Maharashtra,,,,,,,,,,,,,,,,,,,,,,,,,,,,,,31.14,180,47.03,1.8,61.53,39,2.81,,,,,,,,,,,,,,,,,,,,,
IR-E-C-17962,Shri Vishnu Engineering College for Women,Bhimavaram,Andhra Pradesh,,,,,,,,,,,,,,,,,,,,,,,,,,,,,,31,183,50.42,0.47,52.23,51.65,1.22,,,,,,,,,,,,,,,,,,,,,
IR-E-C-37050,Dr. Mahalingam College of Engineering and Technology,Pollachi,Tamil Nadu,,,,,,,,,,,,,,,,,,,,,,,,,,,,,,30.91,184,52.77,2.03,47.52,45.02,4.7,,,,,,,,,,,,,,,,,,,,,
IR-E-C-24163,Sagi Ramakrishnam Raju Engineering College,Bhimavaram,Andhra Pradesh,,,,,,,,,,,,,,,,,,,,,,,,,,,,,,30.61,189,53.78,0.73,54.27,32.5,1.63,36.89,85,61.09,1.68,58.2,62.1,2.09,37.88,81,58.45,0.83,56.33,71.44,16.85,54.02,73,50.02,48.05,75.83,75.45,23
IR-E-C-16490,Vel Tech Multi Tech Dr. Rangarajan Dr. Sakunthala Engineering College,Morai,Tamil Nadu,,,,,,,,,,,,,,,,,,,,,,,,,,,,,,30.61,189,45.97,5.25,52.77,45.74,1.22,,,,,,,,,,,,,,,,,,,,,
IR-E-C-1360,Basaveshwar Engineering College,Bagalkot,Karnataka,,,,,,,,,,,,,,,,,,,,,,,,,,,,,,30.58,191,51.15,1.27,50.9,44.82,2.02,,,,,,,,,,,,,,,,,,,,,
IR-E-C-33525,Thakur College of Engineering & Technology,Mumbai,Maharashtra,,,,,,,,,,,,,,,,,,,,,,,,,,,,,,30.51,193,50.2,0.8,55.08,41.94,0,,,,,,,,,,,,,,,,,,,,,
IR-E-C-33777,Shri Vile Parle Kelavani Mandal`s  Dwarkadas J. Sanghvi College of Engineering,Mumbai Suburban,Maharashtra,,,,,,,,,33.88,197,53.37,6.11,58.33,42.72,1.08,,,,,,,,,,,,,,,30.47,195,44.85,2.32,59.63,42.75,1.22,,,,,,,,,,,,,,,,,,,,,
IR-E-U-0461,M. G. R. Educational and Research Institute,Chennai,Tamil Nadu,,,,,,,,,,,,,,,,,,,,,,,,,,,,,,30.45,196,48.24,7.69,44.98,45.14,1.63,,,,,,,,,,,,,,,,,,,,,
IR-E-C-6528,Dr. B. R. Ambedkar Institute of Technology,South Andaman,Andaman and Nicobar Islands,,,,,,,,,,,,,,,,,,,,,,,,,,,,,,30.35,198,63.62,0.17,36,35.76,4.33,,,,,,,,,,,,,,,,,,,,,
IR-3-E-OEP-U-0391,Birla Institute of Technology & Science,Pilani,Rajasthan,,,,,,,,,,,,,,,,,,,,,,,,,,,,,,,,,,,,,56.98,17,68.55,38.31,69.71,60.21,49.6,,,,,,,,,,,,,,
IR-2-E-OE-U-0584,"Indian Institute of Engineering Science and Technology, Shibpur",Howrah,West Bengal,,,,,,,,,,,,,,,,,,,,,,,,,,,,,,,,,,,,,53.24,21A,67.15,45.47,61.09,40.27,32.03,,,,,,,,,,,,,,
IR-1-E-E-U-0014,International Institute of Information Technology,Hyderabad,Telangana,,,,,,,,,,,,,,,,,,,,,,,,,,,,,,,,,,,,,46.87,38,49.08,31.56,77.96,54.24,16.57,38.95,75,40.86,24.99,62.56,51.3,15.51,,,,,,,
IR-5-E-OEMDP-U-0473,SRM Institute of Science and Technology,Chennai,Tamil Nadu,,,,,,,,,,,,,,,,,,,,,,,,,,,,,,,,,,,,,45.51,46,58.66,31.97,54.06,61.87,13.2,,,,,,,,,,,,,,
IR-1-E-E-C-1269,R. V. College of Engineering,Bengaluru,Karnataka,,,,,,,,,,,,,,,,,,,,,,,,,,,,,,,,,,,,,42.98,58,66.43,13.67,63.12,52.94,10.37,,,,,,,,,,,,,,
IR-1-E-E-C-24004,AU College of Engineering,Visakhapatnam,Andhra Pradesh,,,,,,,,,,,,,,,,,,,,,,,,,,,,,,,,,,,,,40.88,65,64.07,6.9,68.03,55.18,4.56,36.42,98,41.94,15.81,66.86,48.27,9.03,,,,,,,
IR-1-E-E-C-1262,B. M. S. College of Engineering,Bengaluru,Karnataka,,,,,,,,,,,,,,,,,,,,,,,,,,,,,,,,,,,,,40.32,67,64.05,7.95,62.67,51.06,10.79,,,,,,,,,,,,,,
IR-1-E-E-C-1352,NITTE Meenakshi Institute of Technology,Bengaluru,Karnataka,,,,,,,,,,,,,,,,,,,,,,,,,,,,,,,,,,,,,35.84,100,57.24,2.53,57.97,57.19,5.97,,,,,,,,,,,,,,
IR17-ENGG-2-18599,Birla Institute of Technology  & Science -Pilani,Pilani,Rajasthan,,,,,,,,,,,,,,,,,,,,,,,,,,,,,,,,,,,,,,,,,,,,55.43,16,66.15,35.05,70.27,59.86,50.32,,,,,,,
IR17-ENGG-2-18690,"Indian Institute of Engineering Science And Technology, Shibpur",Howrah,West Bengal,,,,,,,,,,,,,,,,,,,,,,,,,,,,,,,,,,,,,,,,,,,,54.42,17,71.02,40.3,59.43,58.47,32.82,,,,,,,
IR17-ENGG-2-18477,Shanmugha Arts Science Technology & Research Academy (SASTRA),Thanjavur,Tamil Nadu,,,,,,,,,,,,,,,,,,,,,,,,,,,,,,,,,,,,,,,,,,,,51.44,25,62.38,36.31,67.32,67.13,16.73,,,,,,,
IR17-ENGG-2-1-2813959492,Thapar University,Patiala,Punjab,,,,,,,,,,,,,,,,,,,,,,,,,,,,,,,,,,,,,,,,,,,,51.35,26,56.85,41.77,73.33,52.08,18.9,,,,,,,
IR17-ENGG-1-1-2811256746,Sri Sivasubrmaniya Nadar College of Engineering,Kalavakkam,Tamil Nadu,,,,,,,,,,,,,,,,,,,,,,,,,,,,,,,,,,,,,,,,,,,,50.77,27,74.22,24.88,65.82,61.56,17.17,,,,,,,
IR17-ENGG-2-18672,"Indian Institute of Technology (Banaras Hindu University), Varanasi",Varanasi,Uttar Pradesh,,,,,,,,,,,,,,,,,,,,,,,,,,,,,,,,,,,,,,,,,,,,49.92,31,61.22,25.36,71.67,59.03,37.11,,,,,,,
IR17-ENGG-2-1-596,S.R.M Institute of Science and Technology,Chennai,Tamil Nadu,,,,,,,,,,,,,,,,,,,,,,,,,,,,,,,,,,,,,,,,,,,,49.2,35,59.75,31.69,57.93,82.94,18.79,,,,,,,
IR17-ENGG-2-1-NEW5,"National Institute of Industrial Engineering, Mumbai",Mumbai,Maharashtra,,,,,,,,,,,,,,,,,,,,,,,,,,,,,,,,,,,,,,,,,,,,47.47,36,80.8,1.25,71.62,77.94,7.54,,,,,,,
IR17-ENGG-2-10949,Zakir Husain College of Engineering & Technology,Aligarh,Uttar Pradesh,,,,,,,,,,,,,,,,,,,,,,,,,,,,,,,,,,,,,,,,,,,,46.18,40,71.3,33.57,47.24,48.05,4.57,,,,,,,
IR17-ENGG-2-18259,AMITY University,Gautam Budh Nagar,Uttar Pradesh,,,,,,,,,,,,,,,,,,,,,,,,,,,,,,,,,,,,,,,,,,,,44.16,46,60.02,29.5,51.14,61.36,9.43,,,,,,,
IR17-ENGG-2-1-11112,Vel Tech Rangarajan Dr.Sagunthala R&D Institute of Science and Technology,Chennai,Tamil Nadu,,,,,,,,,,,,,,,,,,,,,,,,,,,,,,,,,,,,,,,,,,,,42.31,58,60.49,23.07,42.07,73.59,14.68,,,,,,,
IR17-ENGG-2-1-424,"Pandit Dwarka Prasad Mishra Indian Institute of Information Technology, Design and Manufacturing (IIITDM), Jabalpur",Jabalpur,Madhya Pradesh,,,,,,,,,,,,,,,,,,,,,,,,,,,,,,,,,,,,,,,,,,,,,,,,,,,,,,,,,
IR17-ENGG-2-18620,"Malaviya National Institute of Technology, Jaipur",Jaipur,Rajasthan,,,,,,,,,,,,,,,,,,,,,,,,,,,,,,,,,,,,,,,,,,,,39.38,70,50.94,25.26,52.53,53.47,6.62,,,,,,,
IR17-ENGG-1-17931,"Faculty of Technology & Engineering, The Maharaja Sayajirao University of Baroda",Vadodara,Gujarat,,,,,,,,,,,,,,,,,,,,,,,,,,,,,,,,,,,,,,,,,,,,38.81,76,58.28,16.62,52.82,48.97,8.81,,,,,,,
IR17-ENGG-1-1-2811457679,"PSNA College of Engineering and Technology, Dindigul",Dindigul,Tamil Nadu,,,,,,,,,,,,,,,,,,,,,,,,,,,,,,,,,,,,,,,,,,,,38.27,78,56.27,7.1,57.06,65.64,12.9,,,,,,,
IR17-ENGG-2-18296,Jaypee University of Information Technology-Solan,Solan,Himachal Pradesh,,,,,,,,,,,,,,,,,,,,,,,,,,,,,,,,,,,,,,,,,,,,37.46,83,49.84,13.87,52.03,76.54,2.91,,,,,,,
IR17-ENGG-1-26228,C.V. Raman College of Engineering,Bhubneshwar,Odisha,,,,,,,,,,,,,,,,,,,,,,,,,,,,,,,,,,,,,,,,,,,,36.82,92,52.53,5.51,49.95,72.48,21.66,,,,,,,
IR17-ENGG-2-10476,"Maharashtra Institute of Technology, Pune",Pune,Maharashtra,,,,,,,,,,,,,,,,,,,,,,,,,,,,,,,,,,,,,,,,,,,,36.75,94,62.7,3.4,52.13,63.39,1.46,,,,,,,
IR17-ENGG-2-12411,Sri Sai Ram Engineering College,Chennai,Tamil Nadu,,,,,,,,,,,,,,,,,,,,,,,,,,,,,,,,,,,,,,,,,,,,36.64,96,54.19,3.84,59.32,68.75,4.86,,,,,,,
IR17-ENGG-2-12581,ST. Joseph's College of Engineering,Chennai,Tamil Nadu,,,,,,,,,,,,,,,,,,,,,,,,,,,,,,,,,,,,,,,,,,,,36.51,97,59.47,6.74,49.39,64.92,2.8,,,,,,,
IR17-ENGG-2-1-2810997882,K.S.Rangasamy College of Technology,Tiruchengode,Tamil Nadu,,,,,,,,,,,,,,,,,,,,,,,,,,,,,,,,,,,,,,,,,,,,36.4,99,53.78,14.29,46.44,60.98,5.85,,,,,,,
